player_name,games_evaluated,overall_err_pct,points_err_pct,rebounds_err_pct,assists_err_pct,pra_err_pct
A.J. Lawson,14,104.00786171735453,147.60544788374472,72.64537481117517,33.62607916752897,162.15454500696927
AJ Green,57,74.48967302442158,113.36142474501918,66.50570587838718,66.31735305899697,51.77420841528301
AJ Johnson,34,141.57463854933079,188.672749843336,77.78648213355272,60.1268164989025,239.71250572153193
Aaron Gordon,23,55.86871617644554,63.410895718336334,40.13093902664534,83.20368292251506,36.72934703828543
Aaron Holiday,39,112.64489220369055,172.9954221109046,56.178911313824756,55.38298668037663,166.02224870965622
Aaron Nesmith,34,62.3464727352499,55.811537677371355,84.17515850197223,74.79478776165953,34.604406999996456
Aaron Wiggins,49,73.9538138705305,88.03449767572904,61.78126985878911,81.50188465690525,64.49760329069859
Ace Bailey,57,76.14480780266784,98.7522301580804,65.26163446601626,69.05265609443948,71.51271049213524
Adem Bona,53,74.03518722577574,104.95433860068577,66.72598254387287,46.12803228138532,78.33239547715901
Adou Thiero,18,81.087280835649,103.19953856805597,54.54188626778716,43.39286816498973,123.21483034176315
Ajay Mitchell,43,56.87838885590675,47.455415417935356,72.01893330235177,54.50128762327776,53.5379190800621
Al Horford,39,61.539539074011024,82.18910558359966,53.809676257233335,74.45085292107649,35.708521534134604
Alex Caruso,43,85.13967618962448,107.43770314354255,84.18455264593693,65.12272004904713,83.81372891997134
Alex Sarr,41,44.83037265118994,41.37230351498261,55.23893748432936,57.8019515572577,24.908298048190073
Alijah Martin,15,113.38728789022441,126.58551554320137,72.27671806692855,58.44942859230683,196.23748935846095
Alondes Williams,4,61.2671809167426,67.67649913491586,42.83081656916619,81.17057207595812,53.39083588693023
Alperen Sengun,55,42.442428485320185,49.71687875977676,41.896786410418315,28.18585428616689,49.97019448491877
Amari Williams,16,98.51037458214051,106.52498691816812,84.60295552008124,51.24767007775242,151.66588581256028
Amen Thompson,58,30.898378032391417,25.225119927625734,34.958029413611236,47.5571163506811,15.853246437647606
Amir Coffey,37,131.71834172260125,165.38671131137838,87.39056917766625,55.30762250381075,218.78846389754972
Andre Drummond,47,92.07129352688949,133.1786327825986,63.088750971333255,58.073184320385636,113.94460603324038
Andre Jackson Jr.,32,86.15380010579118,95.03734038675225,62.36211951523243,59.97526371868149,127.24047680249856
Andrew Nembhard,48,42.21002675736265,40.41984981322091,76.76411921453484,25.904955718660275,25.75118228303454
Andrew Wiggins,56,39.364561403180424,29.671957290858877,49.523255544098376,56.75138268760577,21.5116500901587
Anfernee Simons,55,61.50726527921815,59.32403322629462,78.31614717695561,61.225571223046884,47.16330949057551
Anthony Black,58,44.021836720069686,45.941203987487114,55.29746168737176,43.27130641592965,31.577374789490243
Anthony Davis,20,43.075310781345905,62.14556161308366,26.02245162194589,49.42886363250021,34.70436625785386
Anthony Edwards,54,32.090581163643414,23.8334125789643,38.98054395724957,43.89474523346002,21.653622884899754
Anthony Gill,34,131.32424392369305,147.87078034457548,97.14587061166219,65.67676665074835,214.60355808778613
Antonio Reeves,9,109.17599255561822,146.09194798143514,63.03043228784865,35.133975670645185,192.44761428254392
Ariel Hukporti,46,98.05559187666559,102.91714801562082,92.56578140894732,48.74108996731975,147.99834811477442
Asa Newell,40,146.81855023154748,199.02361370418708,101.00457802546057,52.026316570583695,235.21969262595857
Ausar Thompson,56,43.8820223769456,38.56830041483443,40.70316020575827,68.96830473569648,27.288324151493207
Austin Reaves,35,41.1831108426201,21.465971404658227,67.81335716300289,54.62680925450987,20.82630554830942
Ayo Dosunmu,54,50.1502374552939,35.49680956018284,68.61554715217942,68.63623246662776,27.852360642185573
Bam Adebayo,54,40.77100410221695,40.082805147527544,32.55343618513629,63.057908463465445,27.3898666127385
Baylor Scheierman,57,120.58104115276524,151.77170387108515,83.67073593453239,63.977769398240696,182.90395540720272
Ben Saraf,25,77.28056527512622,115.53368919807457,73.25322193062392,64.26796972980283,56.06738024200353
Ben Sheppard,51,67.21690743106434,75.03417131765542,80.93837817263507,60.34328075273238,52.551799481234475
Bennedict Mathurin,37,34.72050980170483,37.50833434778151,23.41395583397192,56.98100135225446,20.978747672811444
Bilal Coulibaly,41,59.47711537750395,73.65392480293089,70.2312329622928,58.894223630962074,35.12908011383004
Bismack Biyombo,17,63.128934413783476,79.28150250113254,45.68081205713339,38.90582265471238,88.64760044215555
Blake Hinson,5,76.79767271053811,83.91203868371574,104.24225244885295,52.93459943970256,66.10180026988121
Blake Wesley,19,84.91006286907644,79.67868210514467,77.61319634249892,72.886334292031,109.46203873663119
Bobby Portis,59,51.08883158435626,46.724220335090095,59.657368100037104,71.21306835954162,26.760669542756204
Bobi Klintman,9,98.42621642101132,84.950421023644,92.64835412426613,49.312576452214195,166.7935140839209
Bogdan Bogdanović,18,110.01481152946458,149.0961160204691,89.79235297991671,75.50068433730733,125.67009278016518
Bones Hyland,53,92.77875675274393,131.64073605709115,74.83461988324305,64.6749224631435,99.96474860749804
Bradley Beal,6,39.32900169924696,37.808859645063876,30.86392002747583,54.08542609575267,34.557801028695465
Branden Carlson,35,128.18534609857002,145.8686735574191,119.35964450333634,57.562919622387355,189.95014671113736
Brandin Podziemski,61,54.96110663373205,64.09305180918254,48.87118376476889,71.73477384720047,35.14541711377629
Brandon Clarke,2,45.594170327625676,83.0478854485434,2.8981262046737863,50.532755351442134,45.8979143058434
Brandon Ingram,61,41.362463954697915,36.16520808195389,53.700708422514765,45.4443627920911,30.139576522231895
Brandon Miller,46,48.03645802795983,31.495316487645837,78.3922693846814,54.55468023094475,27.703566008567346
Brandon Williams,53,80.7110906721129,101.98607556117715,74.69280696833815,62.058515503604205,84.10696465533212
Brice Sensabaugh,59,72.86075642965221,98.25072741095245,61.46110678651066,58.743348244141636,72.98784327700412
Bronny James,30,111.05191179587568,151.45085431195946,58.15592466122335,59.263240384062854,175.3376278262571
Brook Lopez,54,92.80727297128288,124.68509425668914,83.1361262047475,63.072345296909226,100.33552612678571
Brooks Barnhizer,32,87.86124311283292,99.74950217715558,70.28909289364158,50.764510906834964,130.64186647369957
Bruce Brown,62,70.8065515717609,102.13852316309426,52.150806026853836,71.65971709288549,57.27716000421007
Bryce McGowens,39,100.45920344657591,109.21772839289876,91.87215160871251,67.71600451884585,133.03092926584648
Bub Carrington,62,42.640442332422296,54.77053009460233,52.21623566391671,41.87296378730945,21.70203978386068
Buddy Boeheim,4,58.35491747222836,98.3677398928047,12.484282666240924,9.157191143900139,113.41045618596766
Buddy Hield,45,101.58359688493151,137.24665723808647,83.68188118820818,69.92715884500741,115.47869026842396
CJ McCollum,58,47.62176304846912,35.808119871180885,83.02034445912723,46.134931057553715,25.523656806014657
Cade Cunningham,56,24.459435527137835,24.617324286997853,45.6703002694803,12.979466247620563,14.57065130445263
Caleb Houstan,12,93.09951744483426,128.86728409630817,52.40870288792189,30.97129184717959,160.1507909479274
Caleb Love,45,99.42155206642934,133.46809245821157,79.51257645634868,76.76010804679696,107.94543130436017
Caleb Martin,52,112.41704626195832,156.0331993586671,84.41245609279476,65.08872581482491,144.1338037815465
Cam Christie,42,95.89640508438168,117.2756224533093,79.34302659131083,53.611598043641855,133.35537324926477
Cam Spencer,60,47.396603066212506,73.76716425331884,52.91557861558002,33.53735462102375,29.366314774927424
Cam Thomas,35,75.49453105384073,84.71477759559131,78.08880658917361,61.15204713445668,78.0224928961413
Cam Whitmore,21,100.86573144167886,120.46586973242708,84.24321781144779,51.515473696166346,147.23836452667425
Cameron Johnson,37,61.06044203332597,94.51835734741755,50.13087690457221,59.533243720488436,40.05929016082568
Cameron Payne,8,109.75313990932547,157.36052592507468,72.04013341361058,78.252619640172,131.35928065844462
Caris LeVert,43,62.353848971823744,83.64522806954955,54.043496958620125,69.23338899075536,42.49328186836993
Carter Bryant,52,90.25094818455318,124.38113075907064,70.15986281781524,47.61913979186601,118.84365936946084
Cason Wallace,61,62.177255579130225,63.553461306803065,71.45335482038587,71.67359307757782,42.028613111754154
Cedric Coward,49,45.484680869364546,45.04734218614964,41.65201028859714,68.85365222097903,26.38571878173238
Charles Bassey,3,78.04059857335291,42.59316607249669,141.12298898903538,36.46286623681333,91.98337299506625
Chaz Lanier,20,105.3760604173199,131.6998177441775,59.406963796304446,54.44372043153862,175.95373969725907
Chet Holmgren,58,32.26435058244235,29.551360236752988,27.136593127214375,50.165502862888,22.203946102914024
Chris Boucher,9,82.91261116329508,105.85867879172181,99.14425265807874,41.777581156884786,84.86993204649501
Chris Livingston,3,115.09488960066652,132.7240194758513,83.4144111994891,45.73015989079155,198.51096783653415
Chris Mañon,5,50.33278174168554,58.319499747474616,35.37070527341915,31.49292332475835,76.14799862109004
Chris Paul,16,64.03052083771293,94.55058671764111,57.00484451038618,69.02210834538845,35.54454377743596
Chris Youngblood,32,91.13795549543028,120.92005649624673,54.822765434934574,43.643373395662174,145.1656266548776
Christian Braun,26,63.82839972258649,84.18777808917949,57.64829374360644,62.39517765244846,51.082349405111586
Christian Koloko,22,88.43008150986684,133.49434553313273,60.154635553641086,55.596899319632946,104.47444563306057
Chucky Hepburn,2,41.17311357386197,7.514021846210415,48.39113850160794,74.61993706076935,34.16735688686017
Clint Capela,54,68.49048542177906,85.16495338631319,72.37910663496606,51.99170868859249,64.42617297724449
Coby White,33,61.94129253536474,76.99834324773622,76.89213226187779,47.33417437896521,46.54052025287977
Cody Martin,4,51.152054334514304,24.979287659132616,65.29481062856216,59.89566818035417,54.43845087000827
Cody Williams,48,96.1459615489224,124.15348987819623,73.84493882052188,68.27440534724984,118.31101214972166
Colby Jones,1,0.0,0.0,0.0,0.0,0.0
Cole Anthony,35,85.69365336107838,118.82504711226609,60.84928610337641,61.68938797753651,101.41089225113456
Collin Gillespie,60,44.13371715226514,59.058007472721535,43.02147049397981,49.32363450467946,25.13175613767975
Collin Murray-Boyles,48,94.35400007539108,119.46139734739216,74.30779596576586,69.3502285383422,114.29657845006416
Collin Sexton,52,54.271923962941734,39.41691013686761,87.38577852081242,56.505412170145966,33.77959502394095
Cooper Flagg,49,47.82318632688605,38.84168289797031,53.78129164253882,67.24027034702308,31.42950042001198
Corey Kispert,42,83.85224327531522,98.68626359096963,78.86753770639223,72.90663048709163,84.9485413168074
Craig Porter Jr.,55,106.3756696645704,119.9193274051697,96.82783730506543,90.16117925577925,118.5943346922672
Curtis Jones,6,74.30490124604309,92.11968443449457,34.65338617697295,53.57731184692148,116.86922252578334
D'Angelo Russell,26,82.0286521413128,129.21978747212864,71.69807624614711,51.08241717627532,76.11432767070015
DaRon Holmes II,18,105.66089398890418,107.52609176066024,94.70283684209305,71.49841954926127,148.91622780360214
Daeqwon Plowden,14,102.35062230283405,170.626310037391,58.867986903274705,60.75406516264433,119.1541271080262
Dalano Banton,5,124.27574417592432,145.7644114525854,74.06163775313453,69.08249105801644,208.19443643996092
Dalen Terry,38,131.99797728961425,170.7616115565673,96.28638350773763,65.99313478041881,194.95077931373325
Dalton Knecht,46,101.82065154394903,128.95566990711492,72.09708115978393,43.253627262397465,162.97622784649977
Daniel Gafford,44,66.01671091558276,91.2052920325501,42.91181833294575,61.41699452582918,68.53273877100604
Daniss Jenkins,51,122.01129707192725,152.95085560542748,80.84208636706899,84.92599316538411,169.3262531498284
Danny Wolf,47,81.78391540465825,119.18412018017908,58.794634584935174,64.99144335126977,84.16546350224897
Dario Šarić,5,86.71526722812851,92.23959446153894,66.69567307677478,46.81356041136946,141.1122409628308
Darius Brown,1,0.0,0.0,0.0,0.0,0.0
Darius Garland,28,40.24439301235784,29.271559080164515,71.63837517426462,38.03081193944805,22.03682585555419
David Jones Garcia,11,123.53282449918225,168.0945790557992,53.103572389191214,76.77016674659332,196.16297980514534
Davion Mitchell,51,53.17830053678531,71.00258726210429,75.89163593821563,34.68435127859651,31.134627668224795
Day'Ron Sharpe,59,52.605334164990104,66.5041370581687,37.43361629895053,69.64307617238934,36.84050713045183
De'Aaron Fox,55,41.40495840103056,40.25531434716538,60.47131214883101,35.93421842700645,28.95898868111943
De'Andre Hunter,45,57.42133260620604,58.53906361399034,50.760724195883306,75.9775161583187,44.40802645663183
De'Anthony Melton,33,73.39931442831377,91.646189210699,72.44062190472948,67.46651452206531,62.043932075761276
DeAndre Jordan,8,58.3309359676935,76.4803680052863,40.18830046746786,68.73926830998423,47.91580708803561
DeMar DeRozan,63,46.69819276933146,37.57813186725076,59.86306835610806,61.06655321563445,28.285017638332594
Dean Wade,48,78.10535521056774,104.2020859392858,60.84628205137267,71.20152884448841,76.17152400712403
Deandre Ayton,53,51.44135504523139,61.78423135611447,44.8061918355496,57.25535721045344,41.91963977880806
Dejounte Murray,4,31.523306732436428,9.383539696192267,55.34795698614577,44.024921171788186,17.336809075619506
Deni Avdija,50,45.72337070771339,44.98040579994151,43.31747928122375,45.19104359186452,49.404554157823775
Dennis Schröder,52,58.851650830611526,93.33801250192863,69.20800701802307,27.73872355667151,45.121860245822894
Dereck Lively II,7,44.12058926395214,39.92971806508281,45.63693103981295,63.983629938132374,26.93207801278043
Derik Queen,64,53.925251242460405,66.76797038602173,35.69509167168305,75.98825392090481,37.24968899123202
Derrick Jones Jr.,29,58.696774807594394,50.82758435320457,74.04711161474707,70.4013728289485,39.51103043347744
Derrick White,60,33.12911663319961,31.266316293004415,53.24290831696335,29.650332741989484,18.356909180841186
Desmond Bane,60,41.556388686066285,36.11324229986974,54.61984275209665,51.17820493563012,24.314264756668635
Devin Booker,47,35.611445159515824,21.92980998406708,65.5597816185648,35.88939001038714,19.06679902504429
Devin Carter,25,136.9119423472948,184.02712302366155,79.84612361117132,81.22693733980842,202.5475854145379
Devin Vassell,49,49.523171760563955,43.98120248614779,48.3913904472495,72.37674830770939,33.343345801149134
Dillon Brooks,50,43.17364852888653,32.28752490268576,53.88661805442797,62.03293928804935,24.48751187038304
Dillon Jones,5,83.74813654764073,114.20018954177522,70.33145513776817,54.1522622873317,96.30863922368788
Domantas Sabonis,19,26.133369574810636,27.74676630155074,17.63429360211982,43.46666615846204,15.685752237109945
Dominick Barlow,51,82.55903717826409,102.52132411622246,70.37607993900572,78.09013775787724,79.24860689995091
Donovan Clingan,60,39.35442844504766,44.01374169791307,20.660200936389682,68.13265421606305,24.611116929824842
Donovan Mitchell,57,32.38536627613534,22.62993891470594,58.30487856504729,25.97578308840469,22.63086453638346
Donte DiVincenzo,62,46.47268388367258,56.39459506964585,53.88554365952511,51.20255512931996,24.408041676199407
Dorian Finney-Smith,26,63.359083474056476,73.31616140831693,61.01298576105219,53.87015175043154,65.23703497642526
Doug McDermott,12,97.313350308655,134.94503718440328,56.1850280601185,45.47206860295724,152.65126738714102
Drake Powell,47,89.92254027604206,119.03778677205051,73.682255699153,55.33501988080539,111.63509875215934
Draymond Green,50,55.49951784897036,88.10213451082329,41.39049588360749,56.980469613984354,35.5249713874663
Drew Eubanks,38,97.33614936659208,150.12140692467182,78.00068839562175,52.65083481638092,108.57166732969381
Drew Peterson,6,67.44269458884752,79.98307906312856,54.976813056908206,44.85193563708665,89.95895059826667
Drew Timme,18,133.96599056689746,195.6128004819041,66.52820447281513,64.72205069786689,209.00090661500383
Dru Smith,59,79.4063303338348,88.46537219863674,85.50724081153288,71.84474637065448,71.80796195451514
Duncan Robinson,58,63.04586744307223,70.53734349320918,65.49399336363322,69.32917430742785,46.82295860801867
Duop Reath,32,115.05939736128686,153.01656376832474,70.99995871024629,42.13825050902882,194.08281645754758
Dwight Powell,45,124.73723020430856,150.03827894335674,96.17549713504557,61.18577437569356,191.54937036313834
Dylan Cardwell,29,67.84074049914138,81.16788030433497,72.81613266520039,57.54330503741359,59.835643989616536
Dylan Harper,53,64.03476456298796,92.03295596808397,53.116920421345434,63.829339363319576,47.15984249920285
Dyson Daniels,60,40.15545468213229,52.370776577736024,34.00333386771963,48.210360839365144,26.037347443708374
E.J. Liddell,10,70.54507150359903,109.9843510465414,47.95881897328397,15.547916209123835,108.68919978544693
Egor Dëmin,54,70.02864491438665,84.30944512364304,90.0615952456987,52.881098952359736,52.86244033584511
Elijah Harkless,13,94.03349388023702,129.65680121461057,74.40916013603156,76.95776452500336,95.11024964530262
Emanuel Miller,5,77.57630978746458,83.34557101867446,45.078651651858884,71.8456008959608,110.0354155833642
Enrique Freeman,2,25.424143998658167,13.089996506487974,35.207179694043205,2.55111179678516,50.84828799731634
Eric Gordon,6,135.38604042044815,207.7897924392856,51.6686483750943,56.19093064056213,225.89479022685066
Ethan Thompson,23,141.54721598190244,184.6996841937635,91.10168360168409,76.04916110922638,214.33833502293584
Evan Mobley,48,30.42577426874169,22.095393391723675,29.735575168365784,53.98733106837094,15.884797446506349
Franz Wagner,28,35.25437487948706,25.8850371608081,40.61522246346932,51.716232895489,22.80100699818181
GG Jackson,41,99.87301219174803,121.16086048294983,87.11701789290571,57.8022040684052,133.4119663227314
Gabe Vincent,35,97.0539317565999,119.0632223115512,73.81461370548705,78.08630561459988,117.25158539476153
Garrett Temple,14,67.03547170862339,79.44980000757184,47.697395976481765,39.21966224754507,101.77502860289489
Garrison Mathews,15,113.12829114303099,170.83354446349125,54.88866924946396,50.773734664823635,176.01721619434514
Gary Harris,42,79.75808584426548,108.61458132241076,67.33711704879005,50.47686466576751,92.60378034009364
Gary Payton II,55,125.19772611569789,162.13163470105255,100.92710209834136,65.77939771186995,171.95276995152773
Gary Trent Jr.,53,84.72826631885765,114.83499158430185,59.83323441660432,58.35092567981312,105.89391359471128
Giannis Antetokounmpo,32,33.65069872090588,34.1028093871251,29.451024395900813,44.72038573843419,26.32857536216341
Goga Bitadze,44,57.179752335739856,80.52731260790512,46.35096552538281,57.22699386171055,44.613737347960914
Gradey Dick,59,109.71965346582166,166.56272191556832,79.8593405329836,51.823276564851334,140.63327484988338
Grant Nelson,3,83.49316491434625,77.10465647893656,76.59633039441603,95.65014737936242,84.62152540466998
Grant Williams,20,82.99817522864565,130.51745957358105,64.76310433201365,78.24377850105591,58.468358507931995
Grayson Allen,39,48.980428491107446,43.9764955774911,77.9052836545677,54.18486761565,19.85506711672101
Guerschon Yabusele,52,92.48509802577101,130.2875151953175,69.4891121127943,55.22505752720674,114.93870726776552
Gui Santos,50,104.81467700714819,129.5361974724931,92.51711655538261,63.832656431858666,133.37273756885838
Harrison Barnes,61,70.62488526037863,72.96718879200623,85.64630710064972,73.63313707638146,50.25290807247713
Harrison Ingram,5,50.51981117090919,47.998266149423785,54.13671467225879,30.665149216855088,69.2791146450991
Herbert Jones,40,69.57527455750531,94.80823550328543,76.79806936226055,68.65731616237171,38.03747720210357
Hugo González,57,97.24718889970154,126.59849489591593,88.14259434077748,51.7846840259904,122.46298233612237
Hunter Dickinson,1,0.0,0.0,0.0,0.0,0.0
Hunter Sallis,7,66.70091902366968,64.88407282829654,37.20599479454226,54.807268579816345,109.90633989202364
Hunter Tyson,21,93.06315748891146,128.22911832323513,57.59557554071865,57.52314284320122,128.90479324849085
Immanuel Quickley,58,39.578338714199916,36.43853061917012,53.98267787531947,47.701780666393226,20.190365695916853
Isaac Jones,4,139.98310942249245,167.5069948974426,85.37003547255485,61.55691218526027,245.49849513471207
Isaac Okoro,53,70.04059272831746,95.88336041239968,62.273034404439215,67.73121993273108,54.2747561636999
Isaiah Collier,54,53.65470588647593,58.48472153246823,76.7079077284314,31.65715154253912,47.76904274246495
Isaiah Crawford,8,103.08384355676768,109.917953323301,67.5047267880085,46.50979750871028,188.40289660705093
Isaiah Hartenstein,36,50.905837808459296,81.22120496532028,24.220045218250625,74.19108453143488,23.991016518831383
Isaiah Jackson,42,111.72250905532898,155.10154633660815,69.4077388183247,70.84117836035975,151.5395727060233
Isaiah Joe,55,70.48398531883088,88.80016708152672,66.5423648709873,56.56479105656122,70.02861826624827
Isaiah Livers,32,88.42374472107178,110.272864775771,73.54006068611534,54.56990576959326,115.31214765280755
Isaiah Stevens,3,66.09336511309826,55.006984163301745,48.89437573854712,94.19644375064236,66.27565679990181
Isaiah Stewart,49,55.24393538561099,50.11181884666527,63.89138875264368,63.51425230770167,43.458281635433345
Ivica Zubac,43,36.44506587439842,36.69323624997265,23.82125081840263,62.682969236367754,22.582807192850662
JD Davison,25,99.2972245595291,121.8958512504312,60.47722611785257,56.286083610446305,158.52973725938628
Ja Morant,20,30.708886133684096,24.51095904455034,49.477718400892456,28.39334122806531,20.453525861228286
Ja'Kobe Walter,51,104.72787146503721,140.58819403729657,87.87087002078525,54.75163828533831,135.7007835167287
Jabari Smith Jr.,57,39.82478534068447,26.640383009459345,49.76193545977547,64.02382848413609,18.872994409366978
Jabari Walker,52,131.07303203226985,188.2685404189016,93.04174906860547,52.48817245112064,190.4936661904517
Jacob Toppin,5,63.87853766112026,84.08689762330229,50.43794893822049,31.427416673087556,89.56188740987075
Jaden Hardy,41,113.6893660106314,159.26508654802723,69.81599042524108,64.83348644468957,160.84290062456776
Jaden Ivey,37,73.48845950872706,86.43258539444693,70.50126562762676,63.058973926322054,73.96101308651247
Jaden McDaniels,60,56.57477912125354,70.2328179127443,52.789195510231046,57.28178725974121,45.99531580229763
Jae'Sean Tate,34,102.56444258304771,126.96802587118854,71.71615324480643,50.23100624547337,161.34258497072247
Jahmai Mashack,18,127.52579067870926,186.236004323989,69.71143824181362,53.968384207563716,200.18733594147068
Jahmir Young,10,61.75701530149421,68.19077775369112,56.36747439779102,52.57702711986176,69.89278193463295
Jahmyl Telfort,8,50.62289231483937,45.07620307662019,46.2776598249191,27.82875506139314,83.30895129642505
Jaime Jaquez Jr.,57,43.57816032583763,42.757030171730484,52.72270986581927,52.002859650082286,26.830041615718507
Jake LaRavia,61,77.8752220140904,96.40709717323257,83.90592627053836,60.246953761407724,70.94091085118292
Jakob Poeltl,27,61.629288374349656,71.92964030234305,46.80544266318193,74.06446336089942,53.71760717097421
Jalen Brunson,61,34.984387057253265,20.29234380839343,62.63210160568528,38.012095832558764,19.001006982375582
Jalen Duren,52,37.31156419760707,31.690522538390624,28.944672822427968,61.97077330739142,26.64028812221826
Jalen Green,13,60.526540994974816,69.48607177570443,58.851676541006064,61.689444153092715,52.07897151009607
Jalen Johnson,58,23.955213402730944,23.49871003954652,23.500068079162816,31.179954094675498,17.642121397538933
Jalen Pickett,41,127.35989533495498,164.56395165304625,89.7761052650212,84.08334838616832,171.01617603558418
Jalen Smith,46,50.91993210644894,60.76181232560455,49.335696928725504,57.53898734234904,36.043231829116685
Jalen Suggs,37,40.10720046584539,41.39322547832591,48.13969605723607,45.78522625261275,25.11065407520682
Jalen Williams,26,37.56314961130996,27.823312347844038,60.82444216698952,45.67686015202628,15.927983778380021
Jalen Wilson,40,107.73409161282636,149.46243618051625,75.61069906601992,54.109523107610755,151.75370809715847
Jamal Cain,21,98.80548179055644,132.2765672390475,62.96999745254904,46.26641978608755,153.70894268454165
Jamal Murray,59,35.95646024505893,34.08242669665038,57.397888127090795,30.295126110183915,22.050400046310603
Jamal Shead,61,59.631655870356774,94.64130788354682,72.10333601810271,33.37274448142415,38.409235098353406
Jamaree Bouyea,33,98.30742108651098,138.9015931856855,62.78467077528166,78.63321021740373,112.91021016767307
James Harden,53,21.13020348485297,15.578652599954049,39.755502177303605,17.149302946249897,12.037356215904321
James Wiseman,4,70.92303248874788,90.9413146445162,88.04180223695114,58.0679627087482,46.641050364775936
Jamir Watkins,32,115.23710813713079,140.23187142023608,93.99938837860091,59.20482480286689,167.5123479468193
Jamison Battle,44,85.86062061279328,110.45946681717164,64.38059180644524,44.672838530192955,123.92958529736329
Jarace Walker,61,57.471413123072026,56.10188877693433,68.7852326227501,69.85293499393131,35.14559609867237
Jared McCain,49,92.30454734738991,116.83712578676915,75.93654763213752,75.79929109866923,100.64522487198374
Jaren Jackson Jr.,48,33.76157473256712,22.379575410660532,33.88806507602954,61.70116058542367,17.07749785815474
Jarred Vanderbilt,50,88.57132426265716,109.08940096017855,96.3826109983485,56.630758173634824,92.18252691846673
Jarrett Allen,51,38.72092372288296,40.41980285343036,28.65253013273857,57.03390868003364,28.777453225329246
Jase Richardson,44,136.85874237843638,189.59215394345827,73.43031317146206,63.19076824592562,221.22173415289953
Javon Small,27,116.79596599672907,160.59469767716305,74.42868601957163,81.25682760710066,150.90365268308094
Javonte Cooke,19,76.49656197456774,99.97027130195508,56.24705326643194,48.938384842258465,100.83053848762547
Javonte Green,60,91.61564054473389,117.25482389731557,76.41861796054359,54.578674438753346,118.21044588232307
Jaxson Hayes,51,57.27107174812951,74.3723017412587,54.8561735650674,54.79213726738555,45.06367441880638
Jay Huff,62,85.92347557182823,97.02092740790442,86.69492149112659,59.538926089789165,100.43912729849279
Jaylen Brown,57,26.445202455231982,19.350758597789223,30.044515393514832,36.67035971031537,19.715176119308502
Jaylen Clark,54,88.26756482036583,114.36507114026534,76.71276802225651,56.02225274433408,105.97016737460743
Jaylen Wells,62,53.398972923908374,52.78136601897927,58.43063638932984,68.31280816309938,34.07108112422501
Jaylin Williams,49,76.14779233814414,111.95853887281757,66.06899819872943,76.20451254559822,50.35911973543134
Jaylon Tyson,59,59.338928453547965,68.07666963656435,62.46771214317925,62.475143795315326,44.33618823913294
Jeff Green,21,73.14174383130573,94.70119012372078,56.68891008475327,33.33642197288893,107.84045314385995
Jerami Grant,47,46.05969839337917,45.71085854417802,46.294423882162356,59.54515174131206,32.68835940586424
Jeremiah Fears,65,52.74685197127018,56.05467140651391,56.841852139238036,65.14523233420948,32.9456520051193
Jeremiah Robinson-Earl,22,107.13350458650463,111.70078293592756,87.42137929555537,73.21939371638199,156.19246239815365
Jeremy Sochan,36,133.4271959766126,170.4993272814837,88.74889730991339,65.82007891134452,208.6404804037089
Jericho Sims,47,109.58325415094296,108.60823680022531,101.37439108210503,66.01058442181557,162.3398042996259
Jett Howard,40,132.42554657587283,177.8341099928811,82.60575164782333,58.472277657780786,210.79004700500613
Jevon Carter,31,142.6934651075252,216.27911660777357,84.50420867274624,64.75941285744219,205.23112229213882
Jimmy Butler III,38,33.829183601931256,34.816801085106384,38.97960873238158,40.90011311486505,20.620211475372006
Joan Beringer,29,112.73481167289837,150.466641129062,81.55308113859368,34.483581863031475,184.4359425609063
Jock Landale,56,51.05654220577238,57.54353160618928,46.781663104478135,69.99064821446571,29.910325897956415
Joe Ingles,20,77.77743324170856,85.86776668814761,50.62538108431578,50.81135426924501,123.80523092512585
Joel Embiid,33,30.495687161027053,31.4838423173131,30.447535611154994,39.484570760179466,20.56679995546065
John Collins,54,48.45720908047783,45.449078992682004,59.72172118381785,57.85364843553287,30.804387709878604
John Konchar,40,99.8414494153959,159.90766821876525,55.503878097328496,65.66018860586128,118.29406273962854
John Poulakidas,1,0.0,0.0,0.0,0.0,0.0
John Tonje,3,77.26541024959423,67.32346373563864,64.4020121491425,44.15683763936741,133.17932747422836
Johni Broome,11,90.05315913246831,97.78784292119211,69.37196642620964,44.44452280440593,148.6083043780656
Johnny Furphy,35,102.90678334534458,146.8151436209243,68.95991034323987,61.37292786076975,134.4791515564444
Johnny Juzang,21,76.9717360062979,102.19312477881283,48.591246528055294,38.125314104237155,118.97725861408634
Jonas Valančiūnas,50,45.08707791750076,47.12202291058264,53.24493796904936,49.068796363629296,30.91255442674172
Jonathan Isaac,51,105.63634912317592,123.81157179257517,96.00110698907295,48.22511991834293,154.50759779271263
Jonathan Kuminga,23,53.82936545671558,98.56974211318823,34.04499602733332,42.37140812190636,40.33131556443438
Jonathan Mogbo,24,96.28374016704167,92.78504813507858,90.17690705971393,50.12287093211347,152.0501345412607
Jordan Clarkson,54,94.17725880291002,119.75789380542504,74.05323080157507,65.48774775116452,117.41016285347543
Jordan Goodwin,54,79.57464150615233,96.44060363817024,75.82101821439922,63.21287612605508,82.82406804598483
Jordan Hawkins,40,103.13035368326555,132.70416353462593,68.37056361646904,52.53941599642694,158.90727158554031
Jordan McLaughlin,30,93.64779702671099,108.47122052923051,58.83623132227147,58.283057446312405,149.00067880902955
Jordan Miller,40,86.74750327746462,109.40275378752217,76.75958371769055,68.55979839821438,92.26787720643136
Jordan Poole,33,87.827551160108,136.79030413637463,73.7366955067876,49.1133422363293,91.6698627609405
Jordan Walsh,56,130.03705325587205,162.9735246365881,113.04436283123368,64.42193903832175,179.7083865173447
Jose Alvarado,52,59.60487009190426,75.92741575689676,71.31736929346398,40.2025105372093,50.97218478004699
Josh Giddey,41,25.077914814014715,30.97427805772191,28.4436556360176,22.01322668962141,18.88049887269795
Josh Green,39,100.73791781374733,136.30943335356312,72.34180482591923,56.01876253814384,138.2816705373631
Josh Hart,52,48.684578062609646,72.67032992230588,39.82026227834118,44.37346234025376,37.87425770953775
Josh Minott,37,131.61926916660263,205.41553445584327,89.44493480074922,67.97035919386138,163.64624821595663
Josh Okogie,57,116.31293829587426,158.54350176206108,91.04682499801685,55.12880615033618,160.53262027308296
Jrue Holiday,34,32.49309899139232,37.84190872066653,43.65147192081943,28.29435353234683,20.184661791736506
Julian Champagnie,62,65.3291503595949,99.11623450041243,52.67859125934917,61.41366887311773,48.10810680550028
Julian Phillips,38,117.16839733283062,152.68969492345468,74.67346171794952,42.67578086841476,198.63465182150358
Julian Reese,2,77.16238289602892,103.91890088904053,35.4856603216411,96.15553696641395,73.08943340702011
Julian Strawther,39,143.73694057813213,193.6708371398637,97.27793941082042,66.8881307307224,217.11085503112204
Julius Randle,62,29.227334581908103,26.488260216519006,33.09931130414105,39.705546379044094,17.61622042792828
Justin Champagnie,56,99.20789304946591,152.0656713962227,65.39369923367624,61.68508218454366,117.68711938342103
Justin Edwards,46,114.48628529981009,157.745005160592,75.34593786076196,58.90984532978308,165.9443528481033
Jusuf Nurkić,41,35.75194008440797,49.29040812385319,22.285824077854773,49.58436328652269,21.84716484940125
KJ Simpson,17,117.40141817968815,146.16198677409818,94.26848619496774,72.88123550327127,156.29396424641538
Kadary Richmond,3,45.7241378430678,39.83148900717767,35.90583914484848,69.41991314906205,37.73931007118298
Kam Jones,24,97.82606017088938,96.08164352777789,76.90368355714645,81.68352720164667,136.6353863969865
Karl-Anthony Towns,62,35.90925482331105,37.567003093827026,29.18430936578401,57.03392515380742,19.851781679825734
Karlo Matković,49,71.8112745183846,85.68824002834491,69.59901836332271,56.12984095441407,75.8279987274567
Kasparas Jakučionis,35,121.5128987787715,160.16379554373773,71.11511324823407,100.45624267233741,154.31644365077685
Kawhi Leonard,49,28.69221664686395,26.383713067490024,29.61231461917768,41.23305946886145,17.539779431926632
Keaton Wallace,45,109.06550571036539,159.73848592391948,55.76115408600165,69.42392791744103,151.33845491409937
Keegan Murray,23,58.11125828858151,57.75694309237918,72.92379177011965,57.06567401444271,44.69862427738449
Kel'el Ware,59,54.26068967329308,93.89807927300593,33.972410284936366,48.87339322544133,40.298875909788656
Keldon Johnson,62,55.07682901626187,55.09018091069691,70.36477343562576,62.357057643357045,32.49530407536778
Kelly Olynyk,35,107.8497844213944,140.5624126170281,75.61471959793066,64.80439847388405,150.4176069967348
Kelly Oubre Jr.,38,62.35846809170784,85.16742670794623,59.06117304803685,66.91849519030114,38.28677742054714
Kenrich Williams,43,126.52452134501215,180.1476790376498,87.80116244352499,66.78595160710387,171.3632922917699
Kentavious Caldwell-Pope,51,69.05087533611092,116.18029099111169,53.52495397829225,62.631092680082546,43.867163694957185
Keon Ellis,54,109.3665562146384,138.04107940388278,85.35096159268079,65.19336983723049,148.8808140247595
Keshad Johnson,23,95.76590843676297,128.86462571247247,82.74872809657836,27.843629767295763,143.60665017070528
Keshon Gilbert,3,62.854598888128294,76.9754009358378,53.7868226319033,48.46449543700812,72.19167654776392
Kevin Durant,59,40.19493357199181,24.033166534415052,49.003113022662426,62.904652086731694,24.838802644158072
Kevin Huerter,49,100.80099323198681,122.54297269067236,85.32784660143857,80.00112844065447,115.33202519518181
Kevin Love,33,80.22631171945703,112.27612447141482,71.30325223244043,59.50321664363172,77.82265353034117
Kevin McCullar Jr.,18,108.9711293008283,107.46545604726164,80.07787916974215,70.92536947886427,177.4158125074451
Kevin Porter Jr.,35,46.75575086863739,58.3117390936076,57.86490458841409,33.47633334705764,37.370026445470224
Kevon Looney,18,67.02700111996283,100.90086513779312,61.43339376687176,49.69357860498625,56.08016697020023
Keyonte George,51,45.43355522482636,54.004053324717994,61.687508383885806,32.50200286733771,33.54065632336392
Khaman Maluach,26,98.47897432177226,106.71882938543864,87.66427020376544,30.876544170865063,168.65625352701989
Khris Middleton,43,64.01151042870616,82.9253629095866,74.03081676185386,58.12200777353764,40.96785426984655
Killian Hayes,5,68.98400700926123,119.54214689612881,76.49294885272033,33.730945632273766,46.169986655922
Klay Thompson,54,53.223086273569486,57.48693019626363,58.11679706986872,60.23631948220365,37.052298345941956
Kobe Brown,43,115.02091625299077,147.408057174491,81.49207020675664,60.96807766780234,170.2154599629131
Kobe Bufkin,9,96.85811149732076,140.80068694048356,45.0797519299045,48.50519604463639,153.0468110742586
Kobe Sanders,51,98.61967722245137,136.22254155421555,87.2309925961208,66.75388810425197,104.27128663521721
Koby Brea,5,53.59210905485794,77.38815448107732,49.23182309932755,47.074821145782444,40.673637493244456
Kon Knueppel,63,39.89688588342111,28.438142015151737,51.79377513873483,59.08227085806434,20.273355521733567
Kris Dunn,61,70.48059807430737,91.87344387971218,71.94539170651178,74.07824946674039,44.025307244265086
Kris Murray,40,76.47159183790822,111.57465973681231,68.26803642050774,52.89163371465655,73.15203747965631
Kristaps Porziņģis,18,46.10450099902055,29.448596166214802,73.98832616694916,62.955721244334846,18.025360418583393
Kyle Anderson,25,76.02101892373977,82.82993828278559,95.85178413767927,65.4543395679519,59.948013706542355
Kyle Filipowski,61,55.36723516600989,59.802552837109054,51.25510366759288,68.9289610419166,41.48232311742104
Kyle Kuzma,57,66.78870202526922,76.42793219699313,68.34152541402209,74.63496414502266,47.750386345039
Kyle Lowry,8,60.05455658798285,94.35247363280827,47.52779226300355,27.579377426753904,70.7585830293657
Kyshawn George,50,46.57797328831346,51.153294336217975,54.262189327422384,49.236030495048745,31.660378994564734
LJ Cryer,3,61.82902946514784,91.80375925479552,44.20872369867723,6.050874882030652,105.25276002508797
LaMelo Ball,53,33.53524239037648,26.088583596790595,69.49885026972484,22.273298719980748,16.280236975009753
Lachlan Olbrich,20,92.96415985138073,101.68661648050733,81.7844159916803,51.653021470527484,136.73258546280778
Landry Shamet,38,79.05370065119045,111.76333717135321,68.28977585964122,67.4640396680076,68.6976499057597
Larry Nance Jr.,27,79.59386905813943,116.64198896447182,65.65925568660988,47.52488567606331,88.54934590541271
Lauri Markkanen,42,28.860089296123956,17.24743666264871,33.217193782426605,51.41530845796743,13.560418281453073
Lawson Lovering,2,78.96124179395356,81.20178138870666,56.99893692865702,98.33352843431214,79.31072042413842
LeBron James,45,29.253437210507627,24.796011832882343,48.89195171256705,27.633967446403645,15.691817850177465
Leaky Black,2,31.154267813373256,37.326895646556814,11.703174367711362,50.50233503927727,25.084666199947563
Leonard Miller,26,124.71570676858326,177.43069824582375,69.40441100611127,62.14501552434747,189.88270229805056
Liam McNeeley,28,103.88764079477015,147.88058926477467,75.22508646571903,53.661718473940695,138.7831689746462
Lindy Waters III,31,86.9702015520782,110.04911931411253,55.62705706960441,45.79096394259897,136.41366588199682
Lonzo Ball,35,71.78087223793896,110.73637453965932,68.15032695867774,57.79168270346641,50.445104749952385
Luguentz Dort,53,60.66776589406232,76.43228999079047,56.11409553433742,62.45884501853523,47.66583303258614
Luka Dončić,50,18.175115302089317,12.895331145264109,32.00558316000228,15.420701917876865,12.378844985214014
Luka Garza,52,107.64050288275553,139.39171901253218,80.29760115352414,56.734307201240945,154.13838416372482
Luke Kennard,57,71.48266945051121,78.5063836883181,86.36411093265271,66.036566450365,55.02361673070903
Luke Kornet,52,52.602455900149195,84.52459883594514,39.88055987111602,55.001541606173,31.00312328736262
Luke Travers,12,92.59356716042964,83.08704375737055,73.18700139396279,60.488157543903355,153.61206594648192
Mac McClung,4,164.37464448089233,218.33805340813245,59.297396423427266,86.9074805730827,292.95564751892687
Malaki Branham,28,116.64665607554771,153.92796272248398,76.00565729663697,61.61340240620215,175.0396018768677
Malevy Leons,8,146.30110817988202,183.99656009997946,100.15955207691317,46.9293565790092,254.1189639636263
Malik Monk,50,90.72684007040816,129.7703389644918,71.82391551312158,58.946703571722786,102.3664022322965
MarJon Beauchamp,2,31.672216947363097,9.498706327119372,12.94554576817945,85.66223849294997,18.582377201203606
Marcus Sasser,19,131.81239122334205,243.91193517294414,58.91843006693646,63.237661980540544,161.18153767294697
Marcus Smart,51,81.58097578660372,106.09872886212081,78.30532051967572,87.85373645347931,54.06611731113903
Mark Sears,7,96.16265797529677,157.67694078099368,38.603015389294626,41.738642204998214,146.63203352590062
Mark Williams,56,47.48666733888056,66.56111319406436,33.537540373655006,54.77597783051825,35.0720379572846
Marvin Bagley III,45,43.18333051441352,49.323497391438096,26.938598877924587,66.85978297416916,29.611442814122256
Mason Plumlee,14,109.87236992838832,109.05943168641691,98.9137451055691,70.18929832885821,161.32700459270905
Matas Buzelis,64,50.94455109941313,46.712139742624586,56.222099883690106,66.98309093146402,33.86087383987381
Matisse Thybulle,11,59.673359824668154,86.82878468102231,62.80349503312846,51.54869917139313,37.512460413128686
Max Christie,56,71.72909289528096,70.20532734804443,73.46379316421766,76.10223283394554,67.14501823491622
Max Shulga,2,5.232853838654716,5.346402283865951,3.01093835934596,2.1083670340975202,10.46570767730943
Maxi Kleber,34,98.93164068442297,105.52582923695894,81.87222460005859,54.12379693985054,154.2047119608238
Maxime Raynaud,55,81.74645327722381,111.12965796110653,54.73400627568638,57.869557545278525,103.2525913268238
Micah Peavy,48,106.43987111068613,146.9532012065886,80.75014532461468,54.13355123643226,143.92258667510896
Micah Potter,29,94.65170489847276,109.8381053924383,87.5769458438509,66.88222060521501,114.30954775238682
Michael Porter Jr.,49,33.39685622521044,22.67548070806643,39.73640370136376,51.35252353939259,19.82301695201899
Mikal Bridges,64,42.70836190105386,28.780784896923127,64.75928748937558,54.98424738237712,22.309127835539623
Mike Conley,46,75.45227092826312,110.0605990257754,60.08655872345737,65.26616086263331,66.39576510118636
Miles Bridges,58,50.20897812933615,38.19131813218718,49.194233492932554,80.26781639415569,33.18254449806919
Miles Kelly,14,118.81944214421533,158.83667468297557,84.51937577065944,53.8376739751731,178.08404414805318
Miles McBride,35,51.05506561662741,62.93086109885845,60.51537072806957,51.10356154372674,29.670469095854884
Mitchell Robinson,46,55.80481222129438,109.65822315811107,29.30442099347202,53.6623709183923,30.594233815202127
Mo Bamba,3,160.58805173729831,202.93187551956854,102.28073068262376,74.07745655955183,263.0621441874492
Mohamed Diawara,52,119.0653896292243,157.60664709181094,78.01677512207759,51.67565258985748,188.96248371315116
Monté Morris,6,49.84038435357673,49.33312944113211,33.352620169368485,71.11417240240725,45.5616154013991
Moritz Wagner,20,67.69809341066518,67.09819901026503,62.92767667639,64.85884629226041,75.90765166374531
Moses Moody,59,62.942592456936225,83.93320761306539,55.99217008906172,66.77608213684108,45.06890998877671
Mouhamed Gueye,60,109.74465230194738,145.5082609760926,88.01354645602065,65.39638935685647,140.0604124188198
Moussa Cisse,33,125.08416894159139,160.98632665724142,120.08220755953943,35.22447258747401,184.0436689621107
Moussa Diabaté,55,53.192148613263676,75.94553119541463,36.72750189616768,64.6468315112182,35.44872985025421
Myles Turner,57,50.85957059036051,65.03607015552302,44.142887261013925,62.97412541357166,31.285199531333447
Myron Gardner,30,132.18361491814454,141.95203128896978,114.81686211628987,61.97978576494033,209.98578050237816
N'Faly Dante,4,61.986935569493,58.54009224878454,99.38780638823232,5.14118744859239,84.87865619236274
Nae'Qwan Tomlin,50,96.5547989953541,123.02439243747989,94.11818450861581,57.11820843274749,111.95841060257322
Naji Marshall,58,52.25468990567283,43.74323575590163,63.837255552278215,66.89305730003612,34.545211014475356
Nate Williams,2,33.04329485540851,52.94325668895493,36.793662948993614,0.20873130423811892,42.227528479447386
Naz Reid,61,58.835592851728045,80.41232256738084,40.22856871421905,53.49252766831781,61.20895245699449
Neemias Queta,58,44.02523410042025,39.987735191743425,37.080765891109515,71.14355039459315,27.888884924234922
Nic Claxton,55,37.39805106450554,32.05462321730418,33.13621713980482,59.75422741395616,24.647136486957006
Nick Richards,38,79.8599232493552,100.97044827235165,77.30622049260512,55.15311712392554,86.00990710853856
Nick Smith Jr.,25,125.68995426899002,174.47575627221434,71.61714803304432,59.91826314637988,196.74864962432156
Nickeil Alexander-Walker,60,38.18366979800516,23.44715045767715,69.85562407075652,41.88749957697106,17.544405086615907
Nicolas Batum,58,89.00422568488312,128.3118135119426,63.46400259517541,57.05629022976013,107.18479640265434
Nigel Hayes-Davis,27,74.7277132922262,95.82792796789633,58.526907829268474,39.21949933065931,105.33651804108067
Nikola Jokić,47,14.74911251307767,20.021886535233623,13.019921417483134,13.800158235262304,12.154483864331617
Nikola Jović,45,110.13798451342534,149.0786563359015,78.96374095316985,76.98719251198351,135.5223482526465
Nikola Topić,5,69.43319800496393,96.11179544245331,58.34051868006868,73.75012361343639,49.530354283897324
Nikola Vučević,59,36.76919979050172,36.50096188571226,25.047388049610937,62.44603077212368,23.082418454560035
Nique Clifford,59,102.5924496411164,157.55891444664343,68.22904984905364,63.61927601484734,120.96255825392119
Noa Essengue,2,4.898934553839499,4.821373911879695,3.009516996989665,1.9669781988096349,9.797869107679
Noah Clowney,55,65.74247624399216,78.02012770850247,81.71860884761524,63.748878817401625,39.48228960244932
Noah Penda,41,106.2228136099092,144.49068172799662,77.48385882434698,60.972988547109395,141.94372534018382
Nolan Traore,39,83.59406710374076,103.23891040764559,62.95485253488161,67.6707058088827,100.51179966355313
Norchad Omier,2,63.60395224369945,71.31645740393358,64.3138498092862,2.0882611430411,116.69724061853694
Norman Powell,51,46.850427261675634,32.51349766284056,62.618847022452805,61.22322599404647,31.046138367362712
OG Anunoby,50,55.9152223499385,55.09190556532145,55.31318334430336,74.60509149537035,38.65070899475886
Obi Toppin,6,89.03052924207282,161.50564897981266,37.80215134398477,82.51820752005003,74.29610912444379
Ochai Agbaji,50,108.08338863502244,143.6387410277167,78.49134942235327,58.28306603005608,151.92039805996373
Olivier-Maxence Prosper,37,98.26205697567833,130.18719591386474,72.98274773679255,68.1113415567426,121.76694269531342
Onyeka Okongwu,57,37.806877329240066,35.74555412570695,38.44894882450026,59.500852540295476,17.53215382645757
Orlando Robinson,4,103.49229193269136,136.94768548687324,68.69952033937925,38.055272645709834,170.26668925880313
Oscar Tshiebwe,8,73.13273402756425,120.85491582433892,69.47372872560618,54.981237209687,47.22105435062491
Oso Ighodaro,61,75.5699235806123,97.43513457667562,69.88897968746042,66.65876555416352,68.29681450414961
Ousmane Dieng,38,105.31251726402903,155.0267204522981,78.08449435982517,53.692174049021816,134.44668019497104
P.J. Washington,43,59.681431257713484,62.30879284628753,47.735138890360886,62.0152483345167,66.66654495968882
PJ Hall,19,102.71101484938356,143.4639570151431,51.78080404442777,55.95463083493104,159.64466750303228
Pacôme Dadiet,20,64.92732101778972,73.54625241833278,52.447807344542035,49.524969927645785,84.1902543806383
Paolo Banchero,50,32.093833881623915,27.685584977708395,30.403486052684297,49.91605120986278,20.370213286240183
Pascal Siakam,55,28.64883796825028,19.301770060829348,28.234786434908706,50.102269262919556,16.956526114343504
Pat Connaughton,29,109.7147544267436,149.20216160321294,76.35540025737389,53.12616631382425,160.17528953256326
Pat Spencer,45,138.42934819053215,172.75748422291235,82.41528797441347,93.07823236670582,205.46638819809698
Patrick Baldwin Jr.,6,131.33978742679238,168.70457227320443,84.53135305444509,66.90874150143391,205.21448287808607
Patrick Williams,55,83.8740524005776,103.75291461517736,77.23056588989401,56.628481752002905,97.88424734523616
Paul George,27,31.75124786120695,28.26640749252729,37.13000677951971,40.65937761558576,20.949199557195016
Paul Reed,44,106.67890434292799,117.266605033532,93.4003752337314,65.43705485385334,150.61158225059523
Payton Pritchard,61,51.46134630276775,76.85754472987188,43.26877816806072,49.19941637003586,36.519645943102546
Pelle Larsson,51,91.29120037224679,121.21428669341242,77.61051298035767,60.3639895633416,105.97601225187543
Pete Nance,29,144.3173778604583,186.08499476397094,102.43303385896279,55.34710185682717,233.4043809620722
Peyton Watson,49,64.04482691671605,83.84308979165907,54.65566821500948,62.18152147311561,55.499028187080036
Precious Achiuwa,55,79.20987317948152,112.87658977115085,61.24569734224561,72.61032001211476,70.10688559241487
Quentin Grimes,56,55.261416142151184,58.82638728801614,71.25823411497664,52.07084819658512,38.89019496902683
Quenton Jackson,32,97.95864889566279,109.94807161205681,97.34962831014408,88.18236281581177,96.3545328446385
Quinten Post,60,110.45456903311633,148.46264660720487,93.92183580006102,71.55620316935894,127.87759055584048
RJ Barrett,37,32.28802212662009,25.79774189743365,39.5275009749346,47.26578995380998,16.561055680302143
Rasheer Fleming,35,95.55473163926105,130.63672798913836,82.97794624031789,34.059936988298055,134.54431533928994
RayJ Dennis,15,124.33267652823652,174.5668526081923,89.21247181167504,78.74382811995287,154.80755357312586
Rayan Rupert,54,113.16474702607023,157.5744117257012,77.16434242448837,53.25346637813378,164.66676757595758
Reed Sheppard,62,54.0612546572041,35.424317129022974,77.3535075613591,72.51787044414071,30.94932349429364
Riley Minix,3,133.8899843996637,225.3391683115075,44.100775479667924,44.22683676744172,221.8931570400376
Rob Dillingham,45,96.24172639674035,139.62409422322878,79.354433432949,61.48643600232376,104.50194192845983
Robert Williams III,43,54.77467985250113,83.90031661095257,39.808522166734654,50.4701852267654,44.919695405551906
Rocco Zikarsky,1,0.0,0.0,0.0,0.0,0.0
Ron Harper Jr.,18,112.55386800532054,136.80875376526723,107.12736592285293,56.06606803872144,150.21328429444054
Ronald Holland II,56,68.91670497413949,89.92699509461235,70.98541340551509,55.46681271468922,59.287598681741336
Royce O'Neale,61,49.61774697214226,62.107554097594914,44.15248536590456,63.14201406944303,29.06893435562652
Rudy Gobert,59,36.8211128929305,43.40120078393833,19.868839277798926,61.58021004773167,22.43420146225306
Rui Hachimura,49,73.23865833340216,101.04041385737281,58.60247401464585,56.03380431669866,77.27794114489127
Russell Westbrook,58,44.634476362405046,38.40439985539685,65.72409540497355,45.58261510660393,28.826795082645873
Ryan Dunn,54,63.05303987106776,73.76706454889467,69.68097556990637,59.93274390967727,48.83137545579273
Ryan Kalkbrenner,51,54.07409424213235,63.560689990678355,45.196178905587665,58.30355763716089,49.2359504351025
Ryan Nembhard,40,82.77806828348021,126.77486777999631,71.37460578313551,52.362590729165525,80.60020884162348
Ryan Rollins,59,36.72566317770244,39.06497782487999,46.24029550515944,39.699557735704325,21.897821645065996
Saddiq Bey,56,45.05508749336646,45.24320242507947,35.0676673945472,66.85911730594957,33.0503628478896
Sam Hauser,59,69.7201037943839,104.9861077646237,53.36208359413071,60.69113459772269,59.84108922105848
Sam Merrill,39,65.57817991181977,74.48812940336539,73.85406833602516,66.90917662138094,47.06134528650762
Sandro Mamukelashvili,59,70.01921875448915,103.21463034030397,57.51458552680793,64.82874124695515,54.51891790388956
Santi Aldama,43,39.33786823113569,42.65495307332005,25.969521176239294,63.01221704262982,25.714781632353574
Scoot Henderson,11,36.01864535658782,21.669196805436172,65.27553561630769,34.67287635260826,22.45697265199914
Scottie Barnes,61,29.36124674628508,21.47504854319001,31.68694493240273,45.92342508517014,18.359568424377446
Scotty Pippen Jr.,9,35.66121524644964,31.586721575484287,65.97139223295046,23.163808626413815,21.922938550949993
Sean East II,1,0.0,0.0,0.0,0.0,0.0
Seth Curry,2,132.41931630872705,353.6071994784201,0.24889085271396216,37.33852673458258,138.48264816919158
Shaedon Sharpe,48,43.869459909934676,36.78657852677325,55.10848390668386,58.311338580143065,25.271438626138536
Shai Gilgeous-Alexander,52,23.71379194468819,9.377072594884515,55.18321318085954,20.583029723878887,9.711852279129822
Sharife Cooper,20,150.1437396906714,177.8170078438214,96.41438529755821,73.73383473175605,252.60973088954992
Sidy Cissoko,57,92.77173576974047,134.2015198956607,79.52138114075944,59.94624466466136,97.41779737788039
Simone Fontecchio,58,94.42970812271106,133.7522628118972,68.15206456323864,62.75041494995073,113.06409016575766
Sion James,63,79.8143082698548,130.99366626917137,66.00644429678104,69.35271901614348,52.904403497323294
Skal Labissiere,3,218.15370744594873,307.7382467771654,147.04907081229854,52.68236950497168,365.1451426893593
Spencer Jones,51,111.03974572923212,159.95023557668472,87.06734023742283,57.05002398541109,140.0913831174099
Stanley Umude,2,54.96148365308186,70.84191265577812,3.39550018922421,49.63431004491085,95.97421172241428
Stephen Curry,39,34.918353065993934,19.93935761103605,65.46675425243895,38.411516489889244,15.855783910611482
Stephon Castle,54,35.269317311787525,34.12097119722844,61.210331323588626,25.934340597738565,19.811626128594465
Steven Adams,32,42.81193188209966,48.686490422340086,34.44478408962431,62.37900945923568,25.737443557198546
Svi Mykhailiuk,48,67.4254402414767,86.60181148684522,64.71277242998985,68.2712112266837,50.11596582238801
T.J. McConnell,45,57.197047966830816,68.37845734237497,74.10833579312879,45.874331064536435,40.427067667283055
Taelon Peter,27,119.95913522182246,147.11334957437188,64.33382688471642,60.62797759186296,207.7613868363386
Tari Eason,38,51.50823233621623,58.83355624881352,39.363487830917414,74.91729690265981,32.91858836247416
Taurean Prince,8,90.1540673157561,108.43368171146909,88.91328090473885,53.843247201487756,109.42605944532869
Taylor Hendricks,44,87.7107367082976,136.5144758350434,66.1404150868016,56.990415896351685,91.1976400149937
Terance Mann,53,70.92223840136626,82.05271067383174,78.06604232243336,78.22067041394779,45.34953019525211
Terrence Shannon Jr.,25,110.79291526548451,154.46169755122395,76.72945929260953,53.903424902460735,158.07707931564386
Thanasis Antetokounmpo,24,68.20046554223053,91.70264624171955,52.062414521034604,29.32445625755304,99.71234514861492
Thomas Bryant,45,101.3508904990925,113.78879092799478,95.41436504980562,52.447219875133065,143.75318614343658
Tidjane Salaün,36,92.81128370958123,129.07594096644095,74.33065757411876,48.562566866038644,119.27596943172658
Tim Hardaway Jr.,61,54.92374696979853,57.11345114679679,55.3832940224239,63.9817086657326,43.216534044240845
Tobias Harris,44,64.44279534136999,71.34601777772012,72.04991704141565,77.21066784031376,37.16457870603039
Tolu Smith,7,116.51886141823793,149.85950382735237,86.150709744388,55.169753827238644,174.89547827397274
Tony Bradley,38,91.52143864301453,95.54340525086744,100.82269804426494,50.46381683858426,119.25583443834152
Tosan Evbuomwan,5,34.92749464357281,13.63524873446307,49.48557823365972,9.004643018355619,67.58450858781282
Toumani Camara,63,49.212679553261786,61.57688344038184,47.476417931556966,59.70184283405211,28.09557400705625
Trae Young,10,46.133645221403356,37.668889026610564,64.69340096424477,53.06992473363774,29.102366161120337
Trayce Jackson-Davis,42,140.8405720085406,176.87871114398573,115.3931961597388,62.409064145467525,208.6813165849703
Tre Johnson,49,52.58445358453425,36.3823428902344,84.39878190892976,59.21741211535758,30.33927742361528
Tre Jones,45,45.416749749259516,34.41806916886809,77.21037393898578,45.23725192958454,24.801303959599682
Tre Mann,42,109.85756015101808,131.52224671709513,83.4340289211158,81.34451938428056,143.12944558158082
Trendon Watford,39,119.16395012058157,150.13811407869912,97.93361741992538,72.62345659999444,155.96061238370729
Trentyn Flowers,2,84.67402766515735,122.46634293806576,48.677282454415916,49.80494303351495,117.74754223463282
Trevor Keels,1,0.0,0.0,0.0,0.0,0.0
Trey Alexander,5,137.59115472502137,172.2571068990951,69.31639245176723,53.872982603814854,254.9181369454083
Trey Jemison III,11,74.21435841286144,104.94410482987965,51.636443327492245,40.285729745701985,99.99115574837191
Trey Murphy III,54,34.75121725655673,25.206247808887642,47.18574538069523,49.07093144184179,17.541944394802233
Tristan Enaruna,4,29.956028501520123,2.0861214963719594,39.58416891543646,49.495134404644595,28.658689189627484
Tristan Vukcevic,38,100.76619582760551,126.9259386395848,76.56147854597948,59.32067541163427,140.25669071322352
Tristan da Silva,55,87.4537075320609,136.30658063695574,68.22199675776903,59.94544706292924,85.34080567058956
Tristen Newton,1,0.0,0.0,0.0,0.0,0.0
Ty Jerome,9,46.2693328627964,13.254369812340162,91.32994352115553,63.39460886033026,17.09840925735965
TyTy Washington Jr.,7,77.60202302566248,132.6507737629174,49.18971503148312,34.28891291819084,94.27869039005853
Tyler Herro,17,31.910210338711202,12.227954755373167,44.24412631085791,61.04762752844937,10.121132760164357
Tyler Kolek,53,101.86893660012326,116.38387402888789,75.66950547872409,92.33860777179488,123.08375912108625
Tyrese Martin,41,97.64227350322214,163.2226983255085,70.459189459529,61.50696916177604,95.38023706607504
Tyrese Maxey,62,25.48030294886116,14.685227824134184,46.76114445055009,28.775673419883187,11.699166100877159
Tyrese Proctor,42,110.10621293453187,155.81130954330567,66.90837937526356,57.468143398037704,160.2370194215205
Tyson Etienne,8,67.75514378152417,107.38407029943531,25.934450433078645,25.154755145568803,112.54729924801391
Tyus Jones,56,97.91727744638412,147.1143883506125,77.33148626233961,58.505827047611206,108.71740812497316
VJ Edgecombe,59,37.749701812758516,38.34392891513432,35.53631226776112,53.250928142628595,23.867637925510063
Victor Wembanyama,50,23.905921878045334,18.581996737605376,17.04433529129,46.51139270534776,13.485962777938187
Vince Williams Jr.,40,79.76416743988315,109.80362826457183,68.03749455574966,64.24041684176045,76.97513009745066
Vladislav Goldin,2,80.4634401060115,125.33077602431081,48.285564778799625,2.1165498356529424,146.12086978528262
Vít Krejčí,59,88.56325492895478,125.77771375368599,78.68999013620684,58.80327392248424,90.98204190344201
Walker Kessler,5,54.160289882178475,115.15490982969595,11.196253096750088,54.06750470901918,36.22249189324868
Walter Clayton Jr.,54,79.89426069696778,109.98213650953457,86.34695382897732,45.36039524226018,77.88755720709908
Wendell Carter Jr.,57,44.564583443671786,60.241918676928286,29.05363466943319,59.600626385342345,29.362154042983324
Wendell Moore Jr.,5,69.98994545710414,94.94530388169662,42.265179317797234,55.99886566428862,86.75043296463406
Will Richard,54,112.79192318461334,164.37986014266758,89.57172722221937,66.91062315694467,130.3054822166217
Will Riley,53,85.38413017342148,109.74224899705486,82.03231348908724,65.46507924630774,84.29687896123612
Xavier Tillman,21,148.52846128679363,164.29338294573182,114.69185162135534,48.83083715228725,266.2977734278
Yang Hansen,38,83.38217103367383,87.54403445886317,73.05245600609868,52.21468550443091,120.71750816530252
Yanic Konan Niederhäuser,42,109.3968671031594,157.2469743127383,82.25743571769469,41.01779864491657,157.065259737288
Yuki Kawamura,5,116.71440906593075,93.35842364039893,76.65314885131883,104.21244570955362,192.6336180624516
Yves Missi,50,73.91354492286558,88.2301266482114,72.71941303503664,60.425846254835676,74.27879375337858
Zaccharie Risacher,50,70.31031945792634,81.74862393467082,67.82300423079991,77.01626359178778,54.65338607444687
Zach Collins,10,53.921104240746125,75.13321203373253,41.73444628152425,44.92960144508368,53.88715720264405
Zach Edey,11,61.52849495843,61.07151191002677,69.0485234338671,62.39550575204373,53.59843873778244
Zach LaVine,39,52.1999384152734,43.85909585506543,64.83033228479296,65.22990811469724,34.88041740653798
Zeke Nnaji,43,101.16400094329545,121.9817186191604,91.69580931523058,49.912210302262594,141.06626553652822
Ziaire Williams,43,80.60014556686349,120.27330476182817,69.94323782852426,60.47999360087328,71.70404607622825
Zion Williamson,46,43.7146157759377,32.59401123441151,55.47140319626669,61.24104427238421,25.552004400688375
