player_name,games_evaluated,points_error_pct,rebounds_error_pct,assists_error_pct,pra_error_pct,overall_error_pct
Jeremiah Fears,65,56.971325132980525,59.16534747458039,68.5736877225635,34.22766976551853,54.734507523910736
Mikal Bridges,64,29.990693939975174,67.54054577113956,56.910969033380496,23.15271427246272,44.39873075423949
Matas Buzelis,64,44.50281224595526,55.91555959725873,66.48869914372062,32.44942519618395,49.83912404577964
Derik Queen,64,67.37172053904851,35.20468982865525,80.23743275142434,37.90026798240513,55.17852777538331
Kon Knueppel,63,30.851964659724203,55.295204607569275,60.53581617363889,22.326991954881912,42.25249434895357
DeMar DeRozan,63,39.30962523798612,60.841650304709106,63.146351673085675,29.344881077608303,48.1606270733473
Toumani Camara,63,63.277995718775664,48.42595801071189,61.635620563227896,29.243472345815686,50.64576165963278
Sion James,63,143.97606019565404,65.52990453019511,70.03532234118357,56.48477984201209,84.00651672726121
Tyrese Maxey,62,17.800386335523704,49.880891824360134,28.556304615684198,13.186170204392214,27.355938244990064
Julius Randle,62,27.30267228732098,33.1551941362822,41.54599421063796,18.289542257820724,30.073350723015462
Karl-Anthony Towns,62,38.328217720481234,31.589974674297743,58.45541310360237,20.918472751855948,37.323019562559324
Bub Carrington,62,58.229847036429625,50.03422362124856,47.83616716901286,23.756711052244444,44.96423721973387
Donte DiVincenzo,62,57.4773800617784,53.205076833987015,50.969417643773255,24.078030045378952,46.432476146229405
Reed Sheppard,62,36.07207902695851,74.99934963528776,71.83449295716261,30.706673032300717,53.4031486629274
Jaylen Wells,62,53.01126794042124,60.492641243300376,69.11231622695145,34.985914441115604,54.40053496294716
Keldon Johnson,62,55.347625703264164,70.37645893151739,60.4261556068333,32.83802603593927,54.74706656938853
Julian Champagnie,62,98.72271663583527,52.72622490629535,60.06643984765637,47.030887838263325,64.63656730701257
Bruce Brown,62,106.26954614723715,49.08908855350335,73.77460709744098,59.16232715712841,72.07389223882747
Jay Huff,62,96.75694565905467,87.128305435822,59.16768644014655,101.15623199917776,86.05229238355025
Scottie Barnes,61,21.56214623315792,29.955316936811894,45.91156572654263,18.190073722421026,28.90477565473337
Jalen Brunson,61,23.530520634480688,66.5112198914404,39.51298812273485,22.136340328199168,37.92276724421378
Brandon Ingram,61,38.104320637890964,52.70845295095211,44.57008226345578,31.303084787184254,41.67148515987078
Royce O'Neale,61,65.44293397248968,43.85428074447143,64.35714465232198,29.255501902410607,50.72746531792342
Tim Hardaway Jr.,61,55.30686047513895,55.00659722180476,65.91370632850645,42.44707249762352,54.668559130768415
Payton Pritchard,61,88.19393897328086,42.47912051323688,50.40789145680556,40.49036438588067,55.39282883230099
Brandin Podziemski,61,64.8406884374041,50.47781024971757,71.4818524205911,35.942711566347334,55.685765668515025
Kyle Filipowski,61,62.75193670660514,51.49068856126183,71.9978968030513,43.23405942644836,57.36864537434166
Naz Reid,61,78.6565501387964,41.870554296547965,52.20507458665184,60.97621555035353,58.42709864308744
Jarace Walker,61,58.28443074859292,69.40724022191587,71.39960244683905,36.11645617796914,58.80193239882924
Jamal Shead,61,93.6542032095865,70.59240174405178,35.52306517827297,38.181489918967635,59.48779001271972
Cason Wallace,61,66.78631359239263,72.9008524587523,73.10587264484293,43.415338532917616,64.05209430722637
Harrison Barnes,61,74.45626728708383,83.40960007114106,72.2818953724411,50.26708416736221,70.10371172450705
Kris Dunn,61,102.41601438368038,71.70808494377502,73.99667927122412,47.8567694961669,73.9943870237116
Oso Ighodaro,61,94.06243497649744,73.17759839167559,66.15401302692752,67.4927219696732,75.22169209119343
Jake LaRavia,61,99.02430376339663,83.31322423567875,61.17113752693767,71.53603124444197,78.76117419261377
Derrick White,60,33.16360793337355,53.615255654712406,31.775212754857318,19.79120262473997,34.58631974192081
Nickeil Alexander-Walker,60,25.13417199483568,69.47167501151986,45.2896079682172,18.07360305876853,39.49226450833532
Donovan Clingan,60,46.989691016939666,21.835693720732074,67.03477097542275,25.863521568167602,40.43091932031552
Desmond Bane,60,35.97432279871678,53.24460548802041,52.642332194253854,24.309566841884134,41.54270683071879
Dyson Daniels,60,56.80076298350987,35.827748848790065,51.429180316924764,27.73344214513374,42.94778357358961
Collin Gillespie,60,60.86707120475983,44.01762375347458,52.36010217796106,26.738787517280375,45.99589616336896
Cam Spencer,60,78.14346111284587,54.71056393185919,33.06466297949785,30.529547471421825,49.112058873906186
Jaden McDaniels,60,72.29620073314922,54.36878740026925,57.44269935618789,47.46396132796014,57.89291220439163
Javonte Green,60,113.75985425574818,74.82913338199536,53.63989355260105,115.20131866733749,89.35754996442051
Quinten Post,60,143.22235339385068,89.58821125308117,71.1833817649021,122.9410448838727,106.73374782392666
Mouhamed Gueye,60,147.70998640635008,87.72450171025409,65.30869070801337,142.90176887433938,110.91123692473924
Rudy Gobert,59,45.790199867002336,19.987251925944335,58.12691924244083,22.412829024260514,36.57930001491201
Jamal Murray,59,36.38372604995595,58.97440996168252,32.018359955280545,22.432262031579317,37.45218949962458
Nikola Vučević,59,36.06560857631148,27.480467637863267,64.10238039154149,23.31204294097079,37.74012488667176
Ryan Rollins,59,42.77578609249854,46.31931951009605,41.4933673632002,23.32802289559469,38.47912396534737
VJ Edgecombe,59,40.1032837953958,37.27395440305337,56.041077358554105,25.335711929290646,39.68850687157348
Kevin Durant,59,24.585202463318367,53.998966887305414,67.53277213559251,26.114139916250352,43.05777035061666
Day'Ron Sharpe,59,62.426091435784635,36.60344378191218,69.37504279576635,35.76163524978337,51.041553315811626
Bobby Portis,59,48.97148884175923,58.543783945285405,71.33455823286111,28.43632223760902,51.82153831437869
Kel'el Ware,59,92.22396365817319,38.12739598276967,51.25263831206449,40.539731639449265,55.535932398114156
Jaylon Tyson,59,66.88978301393789,61.59832596454946,64.04472537403383,43.703207605583486,59.059010489526166
Moses Moody,59,84.40380549075667,56.95430866056384,67.9982987206899,45.416262476526875,63.69316883713432
Sandro Mamukelashvili,59,100.7388475874369,56.950959140184736,63.105341275190526,53.957683766392925,68.68820794230128
Sam Hauser,59,111.30000382162206,52.821518706800276,62.9011957814684,61.67410908212402,72.17420684800369
Brice Sensabaugh,59,102.1722797094215,62.83699345342086,60.00608724948315,77.29855748731332,75.57847947490971
Dru Smith,59,87.00891445928137,84.61076912072024,72.7558357731997,70.84727532259319,78.80569866894862
Vít Krejčí,59,127.45986608368862,78.50035999180778,58.76456592433589,89.93422877650293,88.6647551940838
Nique Clifford,59,164.58489433081306,69.80199865180559,67.46855576761634,127.09334879301278,107.23719938581195
Gradey Dick,59,170.53908707773581,79.45122071046777,52.13165414903786,142.44420585819256,111.1415419488585
Jalen Johnson,58,21.931277027595986,24.251063822087886,32.16275271185572,16.41856466231143,23.690914555962756
Amen Thompson,58,28.430374341876494,36.578686907879685,46.87024827912885,17.09327353387212,32.243145765689285
Chet Holmgren,58,29.929020728689114,28.49083456793542,50.23890763366264,22.519096021065266,32.79446473783811
Immanuel Quickley,58,37.7928859267495,52.530016855699856,49.61304217746152,20.169621038342623,40.02639149956338
Anthony Black,58,48.33076606447474,52.363347496024716,44.06052498868604,32.85893356246888,44.403393027913594
CJ McCollum,58,26.90914864082905,81.61396383765346,48.54890964604533,21.11355744778427,44.54639489307803
Neemias Queta,58,40.88228599143896,38.95469902264337,70.69231723041672,28.383844112988232,44.72828658937183
Russell Westbrook,58,41.62101131282089,66.3765749620549,47.03056747280579,30.874470190441688,46.475655984530825
Miles Bridges,58,39.60875360017148,51.3490746141243,78.97828596005243,34.43977292157338,51.0939717739804
Naji Marshall,58,41.689376358275474,63.506004639498094,67.09367880656454,33.82909502745149,51.5295387079474
Duncan Robinson,58,70.75759185776079,65.64058269585698,65.86116868263717,46.407868425666024,62.16680291548025
Simone Fontecchio,58,130.24787528839505,67.67668337783576,62.63075087251401,110.8967812965108,92.86302270881392
Nicolas Batum,58,141.83942735858034,64.72107819501824,57.58489127366693,114.93555986462239,94.77023917297198
Jaylen Brown,57,21.15290930057581,33.080498168652724,35.2575215046566,21.93171710378617,27.85566151941783
Donovan Mitchell,57,22.784765814594856,62.244811903362866,28.84269351853536,23.083775886641213,34.23901178078357
Onyeka Okongwu,57,37.91505418969624,39.29132494967151,57.27613578379359,18.72727413257547,38.302447263934205
Jabari Smith Jr.,57,26.54744039598716,49.92179426809059,63.75298790847014,19.073402563139283,39.823906283921794
Jaime Jaquez Jr.,57,40.6614212353899,52.76239397980634,53.12680683910444,26.208918283118408,43.18988508435477
Wendell Carter Jr.,57,59.60179849618022,29.24234586222754,58.052596650297474,29.784630178216375,44.17034279673041
Myles Turner,57,66.42018375113707,43.46329239273143,60.934480581085545,31.382044621060654,50.55000033650368
Kyle Kuzma,57,77.29426987555178,65.56278585244505,76.62418459992041,48.08635763515824,66.89189949076886
Luke Kennard,57,82.54888993037021,85.17043570115858,65.57182421574554,57.41386507519376,72.67625373061702
AJ Green,57,109.17775774944288,69.33362752718396,64.60106693442819,52.941970503529106,74.01360567864603
Ace Bailey,57,103.1599010370822,64.1698164325994,69.23739028403155,74.00202364156206,77.64228284881881
Hugo González,57,125.80351231846022,89.19921315254399,52.763103297178006,121.56737802474098,97.3333016982308
Sidy Cissoko,57,151.05286885527815,83.98652022319797,61.11745551412044,104.77859416212513,100.23385968868043
Baylor Scheierman,57,151.5196833793353,83.78975970257098,61.88882190198527,181.44389650631348,119.66054037255125
Josh Okogie,57,172.16802239772375,89.92619469461948,53.37448159134974,168.7388045991712,121.05187582071605
Cade Cunningham,56,28.008207812438602,47.1410374810167,15.365812474496712,15.666507906330967,26.54539141857075
Andrew Wiggins,56,27.812753729067754,50.52465020346808,56.77565199827554,20.302418100741903,38.853868507888315
Ausar Thompson,56,37.8706222737215,40.68780336825381,72.78883599562451,27.586437217273154,44.73342471371824
Saddiq Bey,56,48.066796316600524,37.67646664536007,68.81537197409519,34.965201626559534,47.38095914065383
Mark Williams,56,71.41728655698397,38.379805795035395,54.5696826989266,38.0383238930999,50.60127473601147
Jock Landale,56,61.48768907723538,45.612464176154454,67.39487800465372,31.975370072636526,51.61760033267002
Quentin Grimes,56,57.743222979741255,68.30717666610764,53.10100547135244,38.01650342775441,54.291977136238934
Ronald Holland II,56,85.97146115147913,69.87807659788241,57.46175915735394,58.25130187549195,67.89064969555186
Max Christie,56,71.13048831077134,72.10084967472451,74.94772344809591,67.32844645790072,71.37687697287312
Justin Champagnie,56,150.03066492720694,66.1688689924745,61.52060418820023,119.4141060104632,99.28356102958621
Tyus Jones,56,161.13095281762304,80.00019671081523,62.1659565172966,117.31819461668123,105.15382516560403
Jordan Walsh,56,164.04755730535294,110.92080759125936,64.86931288869451,177.89716574273174,129.43371088200965
Pascal Siakam,55,19.111659258038873,28.883833809803775,51.94395943871846,16.613023658405904,29.138119041241755
Nic Claxton,55,31.43779985172606,31.313770800095405,61.574962849822874,24.676397487623632,37.250732747316995
De'Aaron Fox,55,41.0370537994581,57.308725795194164,36.69401051969181,30.169510851923476,41.30232524156689
Alperen Sengun,55,55.582075334458736,42.39605300848796,28.970644446262348,54.00431798075289,45.23827269249048
Moussa Diabaté,55,80.6590188714692,36.826981901943036,64.25720900132033,36.51265409219164,54.563965966731054
Anfernee Simons,55,46.070300346199694,79.15079887975904,61.30088711569995,39.08948756522287,56.40286847672039
Noah Clowney,55,83.78738326800872,81.14635254032281,62.09255438564816,40.15906621336301,66.79633910183567
Isaiah Joe,55,93.94055091212692,65.11881349490619,56.5757294987756,71.50817837826136,71.78581807101752
Precious Achiuwa,55,109.08258064890593,60.93489923358191,71.78530126481849,68.16867983938248,77.4928652466722
Maxime Raynaud,55,112.77895943388125,56.96135051230195,58.20613530113986,105.99784100977868,83.48607156427543
Patrick Williams,55,108.17857053117599,76.99618198104422,56.2677190294903,100.66951779791916,85.52799733490743
Tristan da Silva,55,134.48118985852216,69.10468982789818,58.02025146596264,85.01205819645,86.65454733720823
Craig Porter Jr.,55,119.41810232437372,93.37771858624266,93.55329152445474,118.34881812611137,106.17448264029562
Gary Payton II,55,152.72339142880784,103.13550641876995,66.85059250416056,168.05900771404276,122.69212451644528
Anthony Edwards,54,24.64144560381553,40.98331201008303,44.71110059007193,22.5144132836685,33.21256787190975
Trey Murphy III,54,27.00511027034266,47.38523536195473,52.51049424571652,18.50139405838276,36.35055848409917
Stephon Castle,54,34.97789470044835,65.02240729570951,26.89214588579915,19.684355551727666,36.64420085842117
Bam Adebayo,54,41.112726948019,35.06270592467932,61.05400895153454,27.91337312940463,41.285703738409374
John Collins,54,44.629149484470176,60.18691072545179,58.09550496934935,30.43019151570652,48.33543917374446
Ayo Dosunmu,54,33.690646896203525,66.06762892082149,68.13546184993501,26.827221416748674,48.68023977092717
Klay Thompson,54,58.31900304062266,57.6375198587325,58.92339139922343,37.12250241072257,53.00060417732529
Isaiah Collier,54,60.815200523734454,76.80494695242331,34.7000759780634,50.68628433083693,55.75162694626452
Ryan Dunn,54,73.55446860734051,68.70999582864654,59.790159366031006,48.589713013961735,62.66108420399495
Egor Dëmin,54,79.7522393382108,91.35417549972475,52.16715104997328,51.30396323057575,68.64438227962114
Clint Capela,54,82.6236238655625,76.71913397481215,51.2996615229319,66.19180593763834,69.20855632523622
Walter Clayton Jr.,54,105.71606139559732,83.458192566902,45.067052757847485,74.51216543539402,77.18836803893521
Jordan Goodwin,54,91.68810696955651,76.41213686440904,63.547963021623474,79.29854905290067,77.73668897712241
Jaylen Clark,54,118.26450935652021,75.4439249971977,55.69788449030823,108.87091644148471,89.5693088213777
Brook Lopez,54,121.75126380227199,82.49922633662871,63.30397612163515,99.45924859018017,91.75342871267901
Jordan Clarkson,54,122.99177529179639,74.22746979654791,66.46521014421074,120.55777069979702,96.060556483088
Will Richard,54,158.58723428946809,87.56148941604405,66.64283233693402,125.27411761698288,109.51641841485726
Keon Ellis,54,153.0685198967141,84.1587484749648,71.25333974823769,161.53063141573426,117.5028098839127
Rayan Rupert,54,198.23735683675787,83.70637871404362,56.56729959849606,196.19021233901134,133.67531187207723
James Harden,53,16.050617566982115,38.64172426463315,17.78491042721346,12.554488923124412,21.257935295488284
LaMelo Ball,53,30.851678678966227,68.17652565551377,26.02721741521821,18.115351350278235,35.79269327499411
Deandre Ayton,53,61.559933783598254,46.31953796136213,57.76102570226373,42.35357741570648,51.99851871573265
Luguentz Dort,53,78.73946188326754,56.26613115505159,66.9576347009432,48.831602217117705,62.69870748909501
Dylan Harper,53,86.71541016902613,52.73626231009852,65.3378926068615,46.402505969368065,62.79801776383855
Isaac Okoro,53,95.13236615097743,67.00981833270332,70.21691892045563,54.536706503364556,71.72395247687523
Terance Mann,53,88.73437167570353,76.35476810059939,78.2726434466563,47.65542742787077,72.7543026627075
Adem Bona,53,109.37686460714797,66.35205966238289,45.724320553841395,80.18279501172067,75.40900995877323
Brandon Williams,53,98.39706461622957,74.67904458446446,63.97542922216301,81.88325420922799,79.73369815802126
Will Riley,53,107.62516135333063,77.48677590581832,67.59126186150205,81.26003080758434,83.49080748205884
Bones Hyland,53,118.38031949951531,73.66384777595789,62.89913844061916,91.96351608439505,86.72670545012186
Gary Trent Jr.,53,122.39154616707415,61.15048225524144,58.24907845856498,113.07938287319607,88.71762243851917
Tyler Kolek,53,114.10227523975068,75.92029213941797,91.8915416848974,122.67741072495762,101.14787994725593
Shai Gilgeous-Alexander,52,10.422639725344002,56.88870871030501,21.369493960869086,10.168360056269119,24.712300613196803
Jalen Duren,52,29.9140574790135,28.630032437605376,61.46318211396662,25.215701279782458,36.30574332759199
Josh Hart,52,73.773696149171,41.938715405644494,44.72047689386048,38.406339815505305,49.709807066045315
Luke Kornet,52,91.14818691059911,40.56375933866255,55.24740847171491,32.14240553870145,54.77544006491951
Collin Sexton,52,32.831868548850686,99.19694290494341,57.86672457425375,29.504891534477775,54.85010689063141
Jose Alvarado,52,76.63832733450386,68.08282350128556,41.57319146931031,51.112513699422756,59.351714001130624
Dennis Schröder,52,96.24443802020323,67.31485091579154,28.01234105831621,46.69043917538061,59.565517292422896
Carter Bryant,52,126.97727877478198,68.95842333209177,46.34677839061755,118.73135277124922,90.25345831718512
Guerschon Yabusele,52,146.49907702695364,71.14726160053347,56.796451529457755,129.16080705472058,100.90089930291636
Luka Garza,52,140.56565674798347,82.40517093468478,57.58131123045733,156.50500985241334,109.26428719138472
Caleb Martin,52,154.50316700425537,87.23361649498582,65.1080084297767,143.18741921784067,112.50805278671464
Mohamed Diawara,52,156.44690120164168,76.4418905324039,51.15231702053359,188.61599764623372,118.16427660020321
Jabari Walker,52,175.8825089017449,91.8074149211897,52.93197968675967,181.3952672331358,125.50429268570753
Jarrett Allen,51,39.83150817855661,28.5048516171103,57.18618074048328,28.648671509282348,38.54280301135814
Keyonte George,51,58.4521388533355,60.71503372270021,33.561902618282176,35.231714866039226,46.99019751508928
Norman Powell,51,33.27695968156919,64.3875576440149,59.351300323095465,31.45691730955382,47.11818373955835
Davion Mitchell,51,74.82932575540094,75.15015541840069,35.78848068317752,32.04353556114551,54.45287435453116
Ryan Kalkbrenner,51,64.60094889732909,45.6768706197139,58.59858379767629,50.10113217292648,54.74438387191144
Jaxson Hayes,51,75.20014342179228,54.12543989713874,54.913153917007065,44.96682306544348,57.30139007534539
Kentavious Caldwell-Pope,51,117.67674740472908,57.48148079490818,61.23271833936999,44.61508684092883,70.25150834498402
Ben Sheppard,51,83.76181674393824,82.3217523774125,62.24458024313196,57.136578929054465,71.36618207338428
Marcus Smart,51,103.07991949563105,77.13719245498739,87.34094024722023,53.7581469318541,80.3290497824232
Dominick Barlow,51,107.30308510776577,69.8733590093981,78.78030580512066,83.21454043452165,84.79282258920156
Pelle Larsson,51,123.79521171121387,76.7250005243969,62.280630746677325,107.76329408195389,92.6410342660605
Kobe Sanders,51,143.91449659936117,88.58948827928018,66.6650056793841,107.2891309579783,101.61453037900094
Ja'Kobe Walter,51,142.80729020749916,85.9253216028083,52.858788650453484,136.76221260287818,104.58840326590978
Jonathan Isaac,51,127.41429330798495,94.6848749143946,47.50427922693809,155.5794420319582,106.29572237031896
Spencer Jones,51,176.05008501464266,95.0627605954598,60.20528595956684,154.32318621726253,121.41032944673296
Daniss Jenkins,51,153.80454573089517,79.71879060942733,89.82933554789773,171.76303731128732,123.77892729987688
Luka Dončić,50,15.352664229329994,33.19109221350269,19.038329402631295,13.810544361616923,20.34815755177023
Victor Wembanyama,50,19.86096660053628,16.540541812318438,47.69703331344531,14.418660358662422,24.629300521240612
Paolo Banchero,50,27.49069054451788,32.74254547762718,50.40594249999336,20.510811504031434,32.787497506542465
Dillon Brooks,50,32.04125711722038,54.36153761512957,60.703770579889614,24.371593074796355,42.869539596758976
Jonas Valančiūnas,50,44.96897579398231,52.710940593695476,48.379502823411066,29.216534677717522,43.81898847220159
Deni Avdija,50,45.86601408620205,43.46682799863336,48.568032336579975,51.60274492584159,47.37590483681424
Kyshawn George,50,54.05783757684851,55.37946280521964,51.17146908806087,33.04093616163245,48.412426407940366
Draymond Green,50,86.49552275610885,41.508834754220736,61.24953722093944,36.38108140784519,56.40874403477856
OG Anunoby,50,58.45570695732022,56.83690707416482,75.39516209928325,40.67287872547529,57.84016371406089
Zaccharie Risacher,50,84.22084645466995,67.11780873768494,78.5857499382459,56.11321353479447,71.50940466634881
Yves Missi,50,86.21762416868226,69.86466888915024,61.61753995405291,73.08159495286716,72.69535699118815
Malik Monk,50,127.43434981391947,67.52439695687544,57.20735788887723,100.2237435608276,88.09746205512492
Jarred Vanderbilt,50,113.79809687068962,95.17332189148811,57.5617773189046,95.52092389272237,90.51352999345117
Nae'Qwan Tomlin,50,123.41774231602889,96.2388590570849,56.85088225195132,111.9131960787608,97.10516992595647
Gui Santos,50,121.12077967736866,91.45330008752758,64.02990731135392,127.16876791390438,100.94318874753864
Ochai Agbaji,50,160.94777983875582,84.29898745825554,62.48721449790035,168.5700507304251,119.0760081313342
Kawhi Leonard,49,27.31463830599706,33.211905163011274,41.548410877699396,18.753524532532047,30.207119719809942
Michael Porter Jr.,49,25.016511513313635,40.53495668077626,50.21304101903907,21.080947730224015,34.211364235838246
Cedric Coward,49,44.13191969387272,41.859227811267594,69.34547381880373,25.813375531985407,45.287499213982365
Devin Vassell,49,44.29967006002056,46.969559466901934,71.64519173233786,32.74982422064856,48.91606136997723
Cooper Flagg,49,41.27073245078866,57.72542873674666,67.67069367523507,33.72696053165554,50.09845384860649
Tre Johnson,49,37.71934986200398,84.65419754936215,58.45829370468855,31.79330939440529,53.156287627614994
Isaiah Stewart,49,50.45107512561298,63.47616462081694,63.61492948295529,43.07064214318789,55.153202843143276
Peyton Watson,49,85.50293455277713,54.38863951098968,63.06873471021277,55.52079930143933,64.62027701885474
Rui Hachimura,49,99.7909631965614,59.55962597043933,53.2431422892093,76.3306138917454,72.23108633698887
Karlo Matković,49,86.43391489569997,70.60978379224626,56.48493967020358,76.43022999693441,72.48971708877106
Jaylin Williams,49,109.67830052640679,67.1170454839864,76.52511541739553,49.18967393945789,75.62753384181165
Aaron Wiggins,49,90.12957643638676,62.77097222463105,84.42450003112309,66.98512607292031,76.0775436912653
Jared McCain,49,121.54036377606784,77.31408951641286,73.55828863011885,102.43111755810709,93.71096487017665
Kevin Huerter,49,130.59850515705548,84.34764131254177,82.43721966534738,122.32113170476616,104.92612445992769
Evan Mobley,48,23.014749395348208,31.84267642734493,53.93957945707101,16.569605195607924,31.341652618843018
Jaren Jackson Jr.,48,19.205637178255355,32.05209168792678,63.698902166332154,15.08014465906218,32.50919392289412
Andrew Nembhard,48,41.031802669483355,72.417279188004,26.1368007728345,25.850289013702916,41.35904291100619
Shaedon Sharpe,48,39.14196845901108,54.884589742308755,56.86160019357262,26.684264412092137,44.39310570174615
Svi Mykhailiuk,48,91.98827357604199,66.05841457958233,68.64671341785377,52.47625454769175,69.79241403029245
Dean Wade,48,118.24987805475506,60.26967659024589,71.93687525121531,82.49859650341621,83.23875659990811
Collin Murray-Boyles,48,119.40620953561711,72.73738465724567,68.60416800710811,113.50307631967577,93.56270962991168
Cody Williams,48,138.52189838320606,74.13120470183692,68.23904992574349,127.66370012435398,102.13896328378512
Micah Peavy,48,153.22609428400438,78.27112824269581,55.542644835015835,147.24305149826174,108.57072971499444
Nikola Jokić,47,21.397582366960517,14.381703893344254,15.438805811740105,14.29359439148223,16.377921615881778
Devin Booker,47,22.000289113848584,65.31271569101689,37.32376045948035,19.46637230092741,36.02578439131831
Jerami Grant,47,43.70315729239795,46.760487824416565,58.157957466362745,31.927711177557295,45.13732844018363
Danny Wolf,47,118.9576599976363,57.60705007022336,65.77696308761077,85.12305146714758,81.86618115565449
Drake Powell,47,118.9805497290738,74.12721308107261,54.73496392111702,111.01826579714147,89.71524813210122
Andre Drummond,47,128.85703992544268,66.03299211016817,57.192852131400926,112.73981190105768,91.20567401701736
Jericho Sims,47,120.285572511625,105.73632781285849,65.19302033884216,173.53644061627998,116.18784031990141
Zion Williamson,46,33.14777395058805,56.83444598427493,63.83972938443303,25.974530239629303,44.94911988973132
Brandon Miller,46,30.963139220745724,80.60157250724144,58.38938866201492,27.455028133862424,49.35228213096613
Jalen Smith,46,60.46010582583211,50.37706483455013,57.29647609635918,34.78259867366985,50.729061357602816
Mitchell Robinson,46,119.2548320243457,31.413269344462186,53.109893922957376,32.92478936583485,59.17569616440003
Mike Conley,46,116.56630717223719,57.364237739704315,67.14634562185036,68.8714529101221,77.48708586097848
Dalton Knecht,46,123.51833099020075,71.49479889427552,44.14453991305816,156.97254121649976,99.03255275350855
Ariel Hukporti,46,111.80167323039863,96.22176964764846,48.91134221535283,159.91358201963192,104.21209177825794
Justin Edwards,46,158.96171284926888,76.37956560524204,55.98895088476231,165.7332414709285,114.26586770255042
LeBron James,45,25.758914961247424,51.23314401024551,30.066667836698596,16.526061579810808,30.896197097000584
Marvin Bagley III,45,47.317923082385114,29.26447753439313,65.91635512237633,29.103870320793874,42.90065651498711
Tre Jones,45,34.806712159803865,77.5872738514509,44.78292039525252,24.30602076176707,45.37073179206859
T.J. McConnell,45,65.51415449250031,72.25471228956934,45.89163519186117,40.29710738698146,55.989402340228075
De'Andre Hunter,45,57.7557400379866,50.24954240752967,77.4569908435288,43.71165898992157,57.293483069741654
Thomas Bryant,45,106.14877068985827,95.2521827176416,52.837127808217154,139.01357334244685,98.31291363954097
Caleb Love,45,134.7314456329502,78.61837827989224,74.18284412970746,107.1720244635003,98.67617312651255
Buddy Hield,45,142.32092456922382,82.50139214881068,69.19511642755302,122.12327407948443,104.035176806268
Keaton Wallace,45,152.08822588480243,54.48827784490184,67.03299148958945,145.51300470365805,104.78062498073795
Rob Dillingham,45,158.7332544153912,83.73689831155579,62.398326907733995,115.47487437792763,105.08583850315216
Nikola Jović,45,157.23655325878354,77.38701437432078,80.11851120892689,141.5675966294542,114.07741886787134
Dwight Powell,45,164.98558034086668,100.35886132698937,61.44103728072592,199.996900422377,131.69559484273972
Pat Spencer,45,180.3582509959842,78.7894271791847,92.15653515926336,205.5074067639742,139.20290502460162
Goga Bitadze,44,79.2545033807728,46.243034259937524,57.161481096695596,44.657464443997135,56.82912079535077
Tobias Harris,44,70.66897956556365,68.08852315628893,76.3114987416558,35.44168020027724,62.627670415946405
Daniel Gafford,44,89.40682568184458,41.98531520962004,60.50822005270518,66.38715104986102,64.5718779985077
Jamison Battle,44,114.4393604794724,62.87165878076932,45.01236961102868,124.92884746005934,86.81305908283244
Taylor Hendricks,44,145.34101159659693,68.37377616295245,57.75169317403913,93.98924836320883,91.36393232419934
Paul Reed,44,102.39575891887817,95.84516029600745,65.50927357599609,143.46373755977388,101.8034825876639
Jase Richardson,44,190.85556411968548,71.77360520095142,63.73367755271649,220.31245113066996,136.66882450100584
Ivica Zubac,43,37.67563246477613,23.802944501319324,64.92242449241922,22.68446622875489,37.271366921817396
Santi Aldama,43,41.01795494865609,25.51104693147472,62.2268088460899,24.877954645034457,38.408441342813795
Ajay Mitchell,43,45.54422044126467,69.05324607486445,52.828461663781326,51.406144046223545,54.708018056533504
Robert Williams III,43,81.55662953872252,42.127525335411185,50.450474642879904,45.435895335386654,54.89263121310006
P.J. Washington,43,61.30185688496961,50.075094457891154,59.86605559807046,65.82870609194799,59.267928258219804
Caris LeVert,43,82.96700340043007,52.70378600524694,73.48365050965857,42.962230883799755,63.02916769978384
Khris Middleton,43,81.3228119577333,74.74486877014462,54.65402809923336,42.02256973542865,63.18606964063498
Ziaire Williams,43,122.25416599739054,71.31893664256245,60.523999494352516,73.22074966057895,81.82946294872112
Alex Caruso,43,107.08035024059164,81.65993110042083,65.61671587416863,85.18308793647834,84.88502128791487
Zeke Nnaji,43,124.09960231511346,92.79872630732297,49.792695377608105,141.05068451654003,101.93542712914613
Kobe Brown,43,150.80235644102052,80.82589015771026,59.86198923304718,174.03090687510146,116.38028567671986
Kenrich Williams,43,172.01535461603208,85.22440564224841,67.05465072791087,164.20531681144982,122.1249319494103
Lauri Markkanen,42,16.162136808384794,35.00526915530593,52.95200993445959,13.325983997135419,29.361349973821433
Corey Kispert,42,97.530614592487,78.71858404923861,71.28755770202022,83.21703048617152,82.68844670747933
Gary Harris,42,116.89395631104814,66.64191790961715,51.04301383774863,97.46584815065556,83.01118405226737
Cam Christie,42,121.46049131613748,80.92288652119157,53.61306684389168,136.73821688269655,98.18366539097931
Yanic Konan Niederhäuser,42,152.3786624875921,82.56248143550602,41.043386637921955,151.4923422954771,106.8692182141243
Tyrese Proctor,42,150.9815344619035,66.5885999576835,57.4747523382022,153.98858375831404,107.2583676290258
Tre Mann,42,136.97412370415364,82.45372947693983,81.95942212886806,147.83326444293633,112.30513493822446
Isaiah Jackson,42,146.06572256773114,82.37609771007978,70.23546141306659,154.35141141733575,113.25717327705331
Trayce Jackson-Davis,42,167.53075739394131,113.91905047730846,61.57763247345596,199.85081721278658,135.7195643893731
Josh Giddey,41,28.975710943224236,32.808485316332394,23.743679279193714,18.92127880071711,26.112288584866864
Jusuf Nurkić,41,50.789977647880534,24.363233911858437,52.001451373058835,22.792787010591397,37.4868624858473
Alex Sarr,41,41.88868145225889,52.8459518511007,60.26084012926567,25.650228581356398,45.161425503495416
Bilal Coulibaly,41,75.28530271056886,67.97705782011421,60.81745829035392,34.825294476401425,59.7262783243596
GG Jackson,41,119.76121927511433,86.63710919069831,57.939085346137766,131.18535579129409,98.88069240081113
Tyrese Martin,41,170.1772244056509,70.98706827764188,61.72804917637298,100.9571215792912,100.96236585973922
Noah Penda,41,142.12165187613084,77.83831015852246,59.032172862708585,139.70731522252362,104.67486252997138
Jaden Hardy,41,147.13751042667548,66.96770081166301,64.55275561719695,148.60419852173501,106.8155413443176
Jalen Pickett,41,164.78019491582492,89.1699506368781,87.71507859405834,172.71697657440845,128.59555018029246
Herbert Jones,40,99.28867369688133,76.18431156265419,75.145847377058,40.011971323152046,72.65770098993639
Kris Murray,40,123.53744864716006,68.97552123920516,55.02925909817005,79.32844046073276,81.71766736131701
Vince Williams Jr.,40,117.19113990863256,63.465877276507946,74.86735233864184,81.16947348051312,84.17346075107386
Jordan Miller,40,107.0830602980488,76.115403877538,66.64934665925583,89.53216363099888,84.84499361646037
Ryan Nembhard,40,137.2159719280359,70.57577457733927,53.04846625040652,82.61674740629257,85.86424004051858
John Konchar,40,172.72141772944045,53.867308343766354,63.88645565340359,120.51009144103423,102.74631829191114
Jalen Wilson,40,145.766333262946,76.45255780741083,55.747185279573706,150.54301920748398,107.12727388935363
Jordan Hawkins,40,140.57863326291817,69.99631273963944,53.44448347770189,167.45386032919114,107.86832245236266
Jett Howard,40,172.70552712959278,82.08157398934819,58.19271840565709,206.40668332968932,129.84662571357185
Asa Newell,40,187.49846421733443,97.90358512886925,51.20837951105996,221.67476809695773,139.57129923855533
Stephen Curry,39,23.758801175700057,66.33787954247748,42.848889507774594,17.709005662987966,37.66364397223503
Grayson Allen,39,41.11287560873577,74.99051926447268,54.385591268437146,20.117351385187145,47.65158438170818
Zach LaVine,39,49.561506141592325,66.93659605283713,65.72443562161256,38.67919755524797,55.2254338428225
Al Horford,39,79.6263275361037,55.44532363872533,73.84553469626225,36.00259420466438,61.22994501893892
Sam Merrill,39,82.11120016192129,74.27917136046605,66.91943660019054,50.94245352111919,68.56306541092427
Nolan Traore,39,109.71699520563013,62.78201559973892,74.17529493168986,107.26527036574615,88.48489402570127
Josh Green,39,142.02965253538014,70.42259755296868,55.82135816926837,141.36326441938607,102.4092181692508
Bryce McGowens,39,112.91692837677049,92.68515277487032,69.62017260883475,136.5530750946935,102.94383221379226
Aaron Holiday,39,168.1208747583182,54.91053294935323,55.238412477355816,161.78691359671907,110.01418344543657
Trendon Watford,39,148.47810247796014,99.47464046778113,76.43052378520922,156.65186121232463,120.25878198581879
Julian Strawther,39,191.53317885314496,95.00409905389287,65.64460614182163,211.7573082958786,140.98479808618453
Jimmy Butler III,38,34.74150302097849,42.06330343075541,44.92412817717137,21.051880954896614,35.69520389595048
Tari Eason,38,61.53748097083661,39.06248364161097,74.65952301013942,34.19187250020864,52.36284003069891
Kelly Oubre Jr.,38,95.57792194231156,56.03051916942926,66.51945777855593,42.11864974886712,65.06163715979096
Nick Richards,38,90.92590060431509,78.78208824259701,57.352450931837474,79.79023183880373,76.71266790438833
Landry Shamet,38,113.5990326072169,67.30903861587,66.38133131943647,70.22073935418733,79.37753547417768
Yang Hansen,38,93.61010190222616,74.69363865308678,52.3218157292013,126.96865282748782,86.89855227800051
Tony Bradley,38,95.52364061577534,103.94823133563055,49.965655603615446,120.58707027206957,92.50614945677273
Drew Eubanks,38,139.8717246708103,78.93732076355005,51.11211964452562,103.0422573472777,93.24085560654092
Tristan Vukcevic,38,120.91749633968084,70.8184594852606,61.98657091831312,135.04813546644044,97.19266555242376
Ousmane Dieng,38,156.3941798789163,79.38877909580637,50.79704178374168,136.53528095428072,105.77882042818628
Julian Phillips,38,154.07392247630196,76.75775062033581,45.65337908322459,201.17904941965915,119.41602539988037
Dalen Terry,38,163.95143452610316,95.38976213098404,64.51002744734262,190.21670684446045,128.51698273722258
RJ Barrett,37,25.612956482659982,40.781227262011114,49.1819281837287,16.807438980771433,33.09588772729281
Bennedict Mathurin,37,40.312136567391335,23.964054987355336,56.98236171588998,21.925335508708066,35.79597219483618
Jalen Suggs,37,39.98611135122489,49.01302444731034,46.87792031609492,24.098097328435852,39.9937883607665
Cameron Johnson,37,102.07385477619265,48.263956978256005,60.90039397573591,41.62848813614791,63.21667346658312
Jaden Ivey,37,84.27253069144385,67.79874307598526,62.608831684079064,72.72637509712378,71.851620137158
Olivier-Maxence Prosper,37,128.94382154027673,71.50073847547192,66.01548936249051,122.59323230405411,97.26332042057332
Josh Minott,37,202.06374172349572,90.34861768557884,66.16482013075532,161.05765928108892,129.90870970522968
Amir Coffey,37,181.24079047358086,92.32987189026953,58.6923254173649,238.76599313454957,142.7572452289412
Isaiah Hartenstein,36,80.31237551513952,25.304783098982487,76.37305718965655,23.9947430294028,51.49623970829534
Tidjane Salaün,36,132.70560403495907,72.26859461698025,47.739290580429746,119.2017468836141,92.9788090289958
Jeremy Sochan,36,173.79046412878014,90.34387731098954,65.49818284111893,209.4537950918974,134.7715798431965
Austin Reaves,35,20.618849154924817,68.69591773426745,58.52591263936242,20.358710618587256,42.04984753678548
Kevin Porter Jr.,35,64.35416224123765,60.360780623363034,33.88772274105259,39.880468055555504,49.6207834153022
Miles McBride,35,66.49988828746251,60.99907872697847,52.60485336864368,31.72550463834057,52.9573312553563
Cam Thomas,35,91.16804928522811,74.25560848415822,61.691873160902595,81.8155427351767,77.23276841636641
Lonzo Ball,35,126.02992181186104,69.63397899726392,59.19519017485675,55.658943771184276,77.6295086887915
Cole Anthony,35,115.31846989187399,59.09149657173001,68.09642570463215,99.00384477835756,85.37755923664842
Rasheer Fleming,35,136.2839900188046,80.91864345987977,34.48697382006512,138.71950752071527,97.6022787048662
Johnny Furphy,35,150.8294900533682,70.93955558475945,62.721196201325895,135.2914699691822,104.94542795215895
Kelly Olynyk,35,137.34875434511392,75.84134026184218,61.78735811603875,147.20489708154193,105.5455874511342
Gabe Vincent,35,144.27134736908812,76.90832656727859,82.34070157068872,138.25866516660804,110.44476016841587
Branden Carlson,35,134.09648471779593,117.29240190040476,57.81955351552795,180.0936549121923,122.32552376148023
Kasparas Jakučionis,35,163.99166994361607,71.86523245077134,96.51454441349135,158.98382552576558,122.83881808341107
Jrue Holiday,34,36.441556734564,45.224351342727516,28.722609628597766,19.845958200513888,32.55861897660079
Aaron Nesmith,34,53.93730867964738,79.67715082353423,77.56148231827301,33.46502312487542,61.160241236582515
Jae'Sean Tate,34,126.94396741715445,71.43517949237733,50.77026544794806,163.20002549048377,103.0873594619909
Maxi Kleber,34,118.50347271623784,84.02414966583014,53.736104476835735,167.5594407390646,105.95579189949207
Anthony Gill,34,146.1802516113067,94.165781313905,65.5736269897987,209.72785879246928,128.91187967686992
AJ Johnson,34,210.32941852033437,83.85268035969871,63.42309094058093,265.6767815904318,155.82049285276145
Joel Embiid,33,32.15247635596674,30.17272532056735,41.984288055516686,20.532440439108,31.210482542789695
Coby White,33,64.59952041208484,78.78358583103841,46.4843051752797,40.91804319107454,57.69636365236938
De'Anthony Melton,33,93.28450360242917,70.21078561756143,64.77549648676533,62.926065250602484,72.79921273933961
Kevin Love,33,110.06876255842091,76.10299788728103,60.811524438448956,78.5526454526637,81.38398258420365
Jordan Poole,33,137.36276938556514,75.64855395533964,48.54077056182537,90.88204667833163,88.10853514526546
Jamaree Bouyea,33,132.11186970819438,61.902034575703404,77.57786800778506,109.22704579568226,95.20470452184128
Moussa Cisse,33,156.92796709486086,122.08018015402573,35.483337090241626,182.26093865757548,124.18810574917593
Giannis Antetokounmpo,32,35.060107615835896,31.64550367607457,46.7536446088389,27.411973391878234,35.2178073231569
Steven Adams,32,57.776809283699976,38.00193667490006,61.90326847460189,28.785327294194143,46.61683543184902
Chris Youngblood,32,118.55813759598462,53.30014705892905,43.48866149055886,142.37915178708087,89.43152448313835
Andre Jackson Jr.,32,101.32823457776713,63.005262781120194,59.835954253492886,134.54026726981448,89.67742972054867
Isaiah Livers,32,117.21678891346721,71.5978671126168,55.15813140181372,117.3585235080852,90.33282773399573
Brooks Barnhizer,32,114.99332687882404,71.24868644626896,50.81095337515063,138.78600637029194,93.9597432676339
Quenton Jackson,32,108.43722387397798,95.87569828342099,86.89759952614897,95.55340048797707,96.69098054288125
Duop Reath,32,153.4153848097075,71.34487516639281,42.60890300293592,195.06651780666553,115.60892019642544
Jamir Watkins,32,143.00936677930918,97.24353438032415,60.7364317428113,169.16798833959544,117.53933031051002
Lindy Waters III,31,114.39204709972066,55.95999750200945,45.9875884332787,141.7244804226131,89.51602836440549
Jevon Carter,31,202.0946619470898,78.37608902743415,65.32801799395557,188.71096851340212,133.62743437047044
Jordan McLaughlin,30,112.13392291207485,57.13569773067101,58.58585262116342,151.4216865915466,94.81928996386397
Bronny James,30,148.0706289812464,58.351192577160006,59.015833189857204,173.2069715203742,109.66115656715944
Myron Gardner,30,136.11315305572057,116.31017925960356,61.703597392686376,204.8959258107004,129.75571387967773
Derrick Jones Jr.,29,52.48132690760054,74.04152440750147,70.46778417141178,40.35477653656052,59.33635300576857
Dylan Cardwell,29,84.93714296063213,73.7502520524739,57.656618383160954,61.600479004631765,69.48612310022469
Micah Potter,29,110.67502525711639,85.05286941758833,65.7532864332116,113.87588557519332,93.83926667077742
Pat Connaughton,29,140.20526681554927,77.14697911956286,52.15907672573746,154.4290273579294,105.98508750469475
Joan Beringer,29,142.07358556804968,80.66077550498535,33.43797993161292,176.8315327737172,108.2509684445913
Pete Nance,29,176.81164033761019,100.69427064316898,55.223135742368264,222.68715377565823,138.85405012470142
Franz Wagner,28,25.83084199027644,42.035032312636886,52.653151844955865,22.529967922647693,35.762248517629224
Darius Garland,28,28.116654749580594,81.0953244824524,36.30603496551703,21.406025015451366,41.731009803250345
Liam McNeeley,28,147.59920096895806,74.90378033376115,53.671225245652394,137.1739188075323,103.33703133897598
Malaki Branham,28,149.5009817180237,75.2851946386027,60.387874565197876,168.44357662191686,113.40440688593527
Paul George,27,28.377449879398952,38.491454039691824,37.10299614415964,21.773696521196435,31.43639914611171
Jakob Poeltl,27,75.02524216574571,50.20062133571113,74.66074127589016,56.471115566506406,64.08943008596336
Nigel Hayes-Davis,27,101.67975469559569,58.768980943621145,38.41438446653174,111.91529825476907,77.69460459012942
Larry Nance Jr.,27,129.73502380397858,66.48337927443967,45.503784935328454,93.90711152502166,83.9073248846921
Javon Small,27,157.0574292012308,75.55621237923945,85.2203876676372,151.65174246848395,117.37144292914785
Taelon Peter,27,152.4597898363477,66.46366199881383,61.12477272162026,213.37212311939055,123.35508691904307
Jalen Williams,26,27.581024602861547,63.00436432426812,46.72537522130354,16.606833194128935,38.47939933564054
Christian Braun,26,81.38095150381767,60.28444101181056,63.570666086061564,50.37303060102228,63.902272300678014
Dorian Finney-Smith,26,81.33677412069571,62.8492006335276,52.84585712818019,67.9444689269911,66.24407520234864
D'Angelo Russell,26,127.66229617156259,69.00578957932085,49.723149059071005,75.15923457416885,80.38761734603082
Khaman Maluach,26,108.45002768678162,90.62028241959443,32.34615179640776,171.80768282850698,100.8060361828227
Leonard Miller,26,165.3455044818548,70.53574368646981,61.63608424378453,183.08270704503673,120.15000986428647
Ben Saraf,25,113.10002447970024,75.99375200981372,65.32027144861229,55.07205792721002,77.37152646633407
Kyle Anderson,25,88.40084971877532,96.03923181877177,73.1881317777962,63.52270584182011,80.28772978929085
JD Davison,25,119.66797155543048,59.312070137389256,54.526037652084916,155.10622460075433,97.15307598641475
Terrence Shannon Jr.,25,160.8706394355049,75.05951504955716,54.78735023010247,162.82880294247997,113.38657691441111
Nick Smith Jr.,25,170.7701416560128,68.59370523640541,58.96876409124283,191.9457647102844,122.56959392348637
Devin Carter,25,189.9517325031773,78.83067404391602,80.21874256034248,206.35942611770258,138.84014380628457
Thanasis Antetokounmpo,24,87.43016897998068,53.679067881967406,29.410706525435163,88.82604163806683,64.83649625636251
Jonathan Mogbo,24,95.65800790532448,88.42496145511724,49.66586474379184,152.96309568808732,96.67798244808023
Kam Jones,24,113.03355289103052,78.52063303387341,84.6214721983415,149.56747684017319,106.43578374085466
Aaron Gordon,23,63.87032426195734,39.20267301450721,80.57275715386399,38.13011821526569,55.44396816139856
Jonathan Kuminga,23,101.11085769864495,37.640206423434286,44.987419329608386,42.45573266584403,56.54855402938291
Keegan Murray,23,63.825329941687016,74.93455044684673,55.604553028410145,48.39680769800122,60.69031027873628
Keshad Johnson,23,125.17933084644412,83.11244831847513,28.64180636573301,141.22768561569563,94.54031778658697
Ethan Thompson,23,188.02083867997578,93.96237988826397,75.08180755907057,218.83249212901575,143.97437956408152
Christian Koloko,22,175.9050753144046,66.58062699766404,57.126878980216084,136.00449399170742,108.90426882099804
Jeremiah Robinson-Earl,22,147.91531274810242,85.5206971392313,78.64227366370842,174.79426244698905,121.7181364995078
Jeff Green,21,92.39919965872484,56.88309777855981,33.920430129873395,103.61493230501284,71.70441496804273
Johnny Juzang,21,95.06330992094757,49.64009887740064,38.6435781138848,114.16079315620807,74.37694501711027
Hunter Tyson,21,142.77396333641977,58.66148941831414,57.343149932872144,134.02570118324704,98.20107596771327
Jamal Cain,21,136.27997631466988,62.58808598457751,44.90453516875977,156.84416767794522,100.1541912864881
Cam Whitmore,21,121.34787182035026,82.75056256940394,51.60899929571002,148.11613545517292,100.95589228515928
Xavier Tillman,21,171.32217446804506,117.00527481169564,50.09717728926845,274.8028889794409,153.3068788871125
Ja Morant,20,24.919518685801016,48.05529790007059,32.67028450478767,20.592602834288837,31.55942598123703
Anthony Davis,20,66.74699910263503,27.527207488034655,51.09297084718684,36.62775961771307,45.498734263892395
Moritz Wagner,20,63.75654445546097,66.42704675372035,62.29180310840711,72.51104970711285,66.24661100617531
Pacôme Dadiet,20,80.99900390055339,50.760827868480156,49.35329617245806,89.19499431698213,67.57703056461843
Joe Ingles,20,90.6173445724976,50.99171630412336,51.661719650318574,125.15813625021701,79.60722919428913
Grant Williams,20,136.15736625895482,59.199032807667905,77.03853134843185,58.325868098456056,82.68019962837765
Lachlan Olbrich,20,105.82155471144713,81.99002863925952,52.1457892358974,139.22013932936645,94.79437797899263
Chaz Lanier,20,131.7702494128561,61.42078875495607,54.25817559253919,178.32507015297418,106.44357097833138
Sharife Cooper,20,177.86337559812765,92.91962407246862,79.00311900120175,253.09708877852466,150.7208018625807
Domantas Sabonis,19,30.71612408546676,17.41290537512619,47.29298868605461,16.764067734085607,28.04652147018329
Javonte Cooke,19,105.86094774091652,55.819077351268405,46.541851346344096,108.0087652590602,79.05766042439731
Blake Wesley,19,75.36950370694198,78.14597523482303,70.77783156990299,104.30969678662242,82.15075182457262
PJ Hall,19,129.51036789120616,47.23155160812292,55.600304836799836,144.69204809453544,94.2585681076661
Marcus Sasser,19,216.77089503388504,58.15170609461412,62.1379812519855,144.1197345838877,120.29507924109308
Kristaps Porziņģis,18,28.53792201890171,75.7224506156371,66.13154798905356,19.84732854263635,47.55981229155718
Kevon Looney,18,105.73940471487168,59.585353497366135,50.014197551415265,57.906918451565694,68.31146855380469
Adou Thiero,18,99.89748315860389,56.573045998680485,43.16267214927603,121.69268574175625,80.33147176207916
DaRon Holmes II,18,98.04084092485736,94.66113125467878,70.51000837037964,141.58118360716054,101.19829103926908
Bogdan Bogdanović,18,147.86421056945488,91.15536436952654,79.79526494982187,125.25806760730262,111.01822687402648
Kevin McCullar Jr.,18,113.68083602629758,83.49512314026425,72.9600437380224,187.3438656395566,114.3699671360352
Ron Harper Jr.,18,145.81801075653595,105.39398958677236,56.43374544787793,155.9069649917351,115.88817769573035
Jahmai Mashack,18,188.69827125992245,69.30641279919516,50.28479057970722,199.83024920264148,127.02993096036658
Drew Timme,18,182.96680871831873,65.65507852249381,64.23622810986325,197.54434302603505,127.60061459417771
Tyler Herro,17,12.13305969475347,47.42134100704284,62.29848933327747,11.387648962127145,33.31013474930023
Bismack Biyombo,17,81.28821249147511,48.449734080681054,38.84123713205416,95.17262778973327,65.9379528734859
KJ Simpson,17,178.202785171823,93.38011148485693,79.47850232468761,174.7590523212415,131.45511282565226
Chris Paul,16,98.52218942887214,56.1186269353224,68.115930224402,37.08597687565617,64.96068086606319
Amari Williams,16,106.65993497966107,87.10885830653396,50.61811394247418,153.24042718115305,99.40683360245556
Alijah Martin,15,127.14351337454663,70.43209012510712,58.46008013560569,193.85892846853253,112.47365302594798
Garrison Mathews,15,171.4811314866221,53.71252292385443,51.68126402371731,175.5986272047059,113.11838640972495
RayJ Dennis,15,195.93948765391318,94.73652347558095,91.87989256834706,182.98167383123413,141.38439438226885
Garrett Temple,14,83.05089915196746,47.07272428823252,39.416239512036135,108.90752412029217,69.61184676813207
A.J. Lawson,14,144.00147275735327,71.76057905139194,34.03477887061154,157.8112875796342,101.90202956474774
Daeqwon Plowden,14,183.8851812291086,61.7101751405306,60.51246581636947,133.28589894330057,109.84843028232731
Mason Plumlee,14,114.52807543211648,98.40618931192338,71.5876560040896,165.2777793294376,112.44992501939177
Miles Kelly,14,161.72680110655543,83.0627901119548,54.57559024114078,175.39684551034253,118.69050674249839
Jalen Green,13,75.56847060302857,52.056007563716726,70.51406753914985,55.583800037303995,63.43058643579979
Elijah Harkless,13,139.1774548001746,73.37093488297135,76.8143473042343,98.25602458282239,96.90469039255065
Luke Travers,12,84.5432673449224,73.50222642122576,59.74568793318432,154.6191337003706,93.10257884992576
Caleb Houstan,12,130.6662958096878,52.13956297614612,32.53212370733256,164.44791382178002,94.94647407873663
Doug McDermott,12,130.39117199682406,54.549718852684634,46.419912591541866,149.84665438324637,95.30186445607423
Scoot Henderson,11,20.945575866861322,66.12513429016839,33.7666562811205,20.890457654112495,35.43195602306568
Matisse Thybulle,11,78.27053155596246,60.364630787060904,50.59488503502914,34.61117031956914,55.960304424405415
Zach Edey,11,65.80427376397901,72.01833816524017,63.466432175544135,60.64238458534974,65.48285717252827
Trey Jemison III,11,95.1133013210535,53.04566618100241,39.74199346983041,94.71152435635386,70.65312133206004
Johni Broome,11,91.39422027257308,75.89544675752474,44.650347038924956,147.23490800487374,89.79373051847413
David Jones Garcia,11,154.22444274085356,54.85725784957123,75.19304186165982,186.14155463109694,117.6040742707954
Trae Young,10,42.830792146012676,68.1389073549614,57.94293559960897,32.50416465771597,50.354199939574755
Zach Collins,10,67.46136266115397,42.56578051971431,46.4081787198654,50.420140807026044,51.71386567693993
Jahmir Young,10,69.29003939725006,58.65916962896821,53.47258647040911,82.31097552235188,65.93319275474482
E.J. Liddell,10,103.45907995142304,53.001599588786824,16.21285196383336,100.1002604589577,68.19344799075023
Scotty Pippen Jr.,9,32.87175839766283,65.65968149620574,23.469434885417897,23.2075530433948,36.30210695567031
Ty Jerome,9,13.579283650151051,94.70295706311967,65.38833884710351,16.862154368935933,47.633183482327546
Chris Boucher,9,111.48134031606658,105.45744912787342,39.79619278139545,91.92769454049392,87.16566919145734
Kobe Bufkin,9,151.59286277192342,44.15209126045968,48.84511165755867,163.3962036337155,101.99656733091432
Bobi Klintman,9,88.91852827277296,101.22707742169735,49.23016411683368,181.13659112886128,105.12809023504131
Antonio Reeves,9,143.51309903656158,64.64561875276578,36.96660753098079,191.83588352822707,109.24030221213381
DeAndre Jordan,8,76.37003278929402,40.37648097267956,64.76952279571516,47.969267533691045,57.37132602284494
Kyle Lowry,8,98.83396734673448,48.708420788017925,27.42616648729742,73.4695654705906,62.109530023160104
Jahmyl Telfort,8,72.35644553044473,48.77648325874601,29.361423450768246,114.43602027636697,66.2325931290815
Oscar Tshiebwe,8,112.46742801401567,65.24702306400326,53.17482496631856,43.64054480656073,68.63245521272455
Tyson Etienne,8,111.66495699220131,27.255772144043952,24.132819613297233,113.8658530204193,69.22985044249045
Taurean Prince,8,120.81820050144256,88.2364651404404,50.54125745951449,118.26124565186073,94.46429218831454
Isaiah Crawford,8,111.17071292668697,69.27415684504363,45.87842787324779,190.88646248570862,104.30244003267175
Cameron Payne,8,168.45250192139434,72.32467150391435,76.81348027363117,139.17363204095017,114.19107143497251
Malevy Leons,8,180.17216065458234,99.22498672428495,47.0097672601566,248.91310777651356,143.83000560388436
Dereck Lively II,7,42.07956989851561,45.69117970024833,63.02313161521613,26.349098564243597,44.285744944555915
Hunter Sallis,7,63.20778024010742,42.76226118595881,54.245615013459414,110.91046403272938,67.78153011806376
TyTy Washington Jr.,7,129.34881682869232,54.30522767634084,32.43678652158429,92.83672542668398,77.23188911332535
Mark Sears,7,146.84865126426263,40.07657673404237,41.57269012403101,139.8396054948442,92.08438090429505
Tolu Smith,7,150.51723553446408,85.3295048270287,55.94306719636023,171.47324494595685,115.81576312595247
Bradley Beal,6,37.13358896029015,33.17607944621526,52.99512176612899,34.30389877987559,39.4021722381275
Monté Morris,6,65.08377784318927,36.890239474575644,73.32007323328666,55.16694139809167,57.615257987285815
Drew Peterson,6,91.5309883769332,54.80170340733688,46.03883144644851,98.3074056388458,72.66973221739109
Curtis Jones,6,96.19581619433683,31.159698917829406,53.88512811533074,122.46498543485596,75.92640716558823
Obi Toppin,6,184.21952070225197,39.642229126896666,84.45746586863227,82.64803258207797,97.74181206996472
Eric Gordon,6,201.86831533282725,54.85993569969286,55.050271401582506,220.12428966853636,132.97570302565975
Patrick Baldwin Jr.,6,159.4274642178691,90.91850255050163,73.5004203059093,208.4701739588498,133.07914025828245
Tosan Evbuomwan,5,36.911623662550355,51.56991796615273,10.405978810045056,89.9992308557644,47.22168782362813
Chris Mañon,5,58.55429464574636,36.0323070996758,32.062852669208134,77.67020325342467,51.07991441701374
Koby Brea,5,76.4596665044256,50.54538636328777,47.149570485152815,39.12929987219472,53.32098080626523
Walker Kessler,5,112.86177919349056,11.207696180133075,57.29096886645475,36.35524026697564,54.42892112676351
Harrison Ingram,5,53.93538782274678,58.02241621067526,32.150775520591615,74.43662965856198,54.63630230314391
Jacob Toppin,5,83.17350597685314,49.265326187346616,31.59146170536735,84.43371052961439,62.11600109979537
Wendell Moore Jr.,5,90.2006381338523,46.18959332769329,54.83801294482578,82.22440955429599,68.36316349016684
Killian Hayes,5,118.25598857720891,76.77356058011337,35.23647402783794,48.511564297567645,69.69439687068197
Nikola Topić,5,103.18899726451423,59.01892525353408,74.71916126375982,51.423761267945125,72.0877112624383
Emanuel Miller,5,80.27749455542548,46.64832620719971,70.78673945510891,105.16795775601722,75.72012949343784
Blake Hinson,5,82.91814405205176,106.06465368525262,52.64288569814819,66.05285110409412,76.91963363488668
Dillon Jones,5,100.57712875914532,68.74168296341611,52.88593969326562,93.08920768662118,78.82348977561206
Dario Šarić,5,108.84718196036076,66.26189609019045,47.81481983828144,158.65554274269198,95.39486015788115
Yuki Kawamura,5,97.80754842699665,77.75811351791856,111.82451888485465,204.7745988943878,123.0411949310394
Dalano Banton,5,142.8618533122506,84.54760722155295,67.7509123331466,206.77706208929936,125.48435873906237
Trey Alexander,5,184.61542220781817,70.91642921199788,55.60522306470036,268.509950117506,144.9117561505056
Dejounte Murray,4,9.869379957327189,53.28611118053705,43.30736169816012,16.873739575428523,30.834148102863217
Tristan Enaruna,4,1.5453836921780677,44.26317336148958,49.39669872524587,29.92120892237451,31.281616175322007
Cody Martin,4,27.48672564807304,65.16179872974547,56.336250897472866,54.21216602511079,50.79923532510054
Buddy Boeheim,4,99.65410613274733,14.778526935897524,9.225634227925411,117.02758491049312,60.17146305176584
Alondes Williams,4,70.08575419672732,40.35535558131333,77.59012088511909,53.45759629949668,60.3722067406641
N'Faly Dante,4,60.477840986293046,100.55341928203245,6.2326517479890375,85.11721369187791,63.09528142704811
James Wiseman,4,101.85457878893092,90.41719955980491,58.36814681394743,51.98687518200161,75.65670008617121
Orlando Robinson,4,144.15808890749014,67.23716057840691,37.9326389968463,176.11718704880423,106.36126888288689
Mac McClung,4,213.48554660238716,61.25511030464909,77.46139703133174,288.43580386123114,160.1594644498998
Isaac Jones,4,233.13178326665033,93.4991835460996,71.78725507294956,289.8149800474448,172.05830048328608
Kadary Richmond,3,39.10137940857843,34.29776701952022,70.56913826912815,37.127718170049114,45.27400071681898
LJ Cryer,3,91.69053211311775,43.82640585451066,5.055830138187253,103.89062144370722,61.11584738738072
Isaiah Stevens,3,57.265869800656645,48.878929809139585,95.44935714833859,67.22723569544499,67.20534811339496
Keshon Gilbert,3,88.09294073464814,62.76018993534935,49.793606986423434,84.29352047889243,71.23506453382834
John Tonje,3,70.87256781091158,65.58227578685269,44.42888805308638,138.8113702603675,79.92377547780454
Charles Bassey,3,56.177198175355045,152.9599735080236,37.26660763676408,90.47146902432335,84.21881208611653
Grant Nelson,3,74.91608904589647,85.12042044230758,94.35428642671592,84.67711392525115,84.76697746004278
Chris Livingston,3,129.06462081008155,83.86646487039461,44.81355000685801,193.75656641284255,112.87530052504418
Riley Minix,3,221.33276421359344,44.195823912749546,44.640349670333165,217.9829802822878,132.037979519741
Skal Labissiere,3,310.5123096766108,143.2056988098162,51.30653399247419,364.9055161646798,217.48251466089528
Mo Bamba,3,348.78727520849776,112.0278668324534,88.94838226220908,428.1557396843015,244.47981599686545
Max Shulga,2,9.131176529008155,4.029660706716925,2.443104580999845,15.603941816724934,7.801970908362465
Noa Essengue,2,10.732939123937856,4.23652024904119,2.32448309115035,17.2939424641294,8.646971232064699
Enrique Freeman,2,11.817462333393811,35.8155824815895,2.47808491552201,50.11112973050535,25.05556486525267
Leaky Black,2,36.31688275859621,11.89096830057541,49.68611941791751,24.684323237210442,30.644573428574894
MarJon Beauchamp,2,9.141760651693849,12.848595746298479,87.25212279011782,18.45266627021367,31.923786364580955
Nate Williams,2,52.371905886100066,35.49062371166353,0.08576169728562455,41.65278058344091,32.40026796962253
Chucky Hepburn,2,5.710578336797305,46.57222737657858,75.3174813385113,36.67607848182334,41.06909138342763
Brandon Clarke,2,73.78797447369821,3.943982934184483,49.380201754248674,42.59095323417306,42.425778099076105
Stanley Umude,2,72.76427482791706,4.271234466394705,48.98358571068299,96.74696696670748,55.691515492925554
Norchad Omier,2,74.61820021654572,64.26999942855116,2.61810322815822,117.88565909811734,64.84799049284311
Julian Reese,2,104.399536052607,35.41904245900281,97.2126180136902,73.43763424266115,77.61720769199029
Lawson Lovering,2,81.4828971936233,57.23289748195382,98.65758441225232,79.57624073910517,79.23740495673366
Vladislav Goldin,2,124.95617227680285,47.24203141584596,2.398215294039052,145.74415596951607,80.08514373905098
Trentyn Flowers,2,123.83248323754427,47.98585286409899,49.34756981723752,118.79364319940771,84.98988727957212
Seth Curry,2,353.58079562593446,0.2515947040132416,37.46058535236581,138.5127305234246,132.45142655143454
Colby Jones,1,0.0,0.0,0.0,0.0,0.0
Darius Brown,1,0.0,0.0,0.0,0.0,0.0
Hunter Dickinson,1,0.0,0.0,0.0,0.0,0.0
John Poulakidas,1,0.0,0.0,0.0,0.0,0.0
Rocco Zikarsky,1,0.0,0.0,0.0,0.0,0.0
Sean East II,1,0.0,0.0,0.0,0.0,0.0
Trevor Keels,1,0.0,0.0,0.0,0.0,0.0
Tristen Newton,1,0.0,0.0,0.0,0.0,0.0
